candidate_id,membership_id,occupation_id,role_profile_id,model_rank,model_score,current_job_title,desired_work_directions,skills,experience_narrative,occupation_title,role_profile_name,mapping_type,human_relevance,annotation_reason,evidence_strength,annotator_id,annotation_timestamp
C001,business_performance_goal_management::http://data.europa.eu/esco/occupation/4e4a291d-1d38-4c5a-812a-5827d0691b11,http://data.europa.eu/esco/occupation/4e4a291d-1d38-4c5a-812a-5827d0691b11,business_performance_goal_management,,,Industry Research Associate,long-range market and portfolio choices,industry research | scenario planning | market sizing | competitive analysis | financial modelling,"Tracked regulatory, technology and competitor shifts in online retail, digital payments, and subscription content markets, built alternative demand cases, and briefed leadership on where to place the next investment.",budget analyst,Business Performance & Goal Management,supporting,0,,,annotator_813,2026/8/17
C001,business_performance_goal_management::http://data.europa.eu/esco/occupation/84871c2a-abd1-45eb-b03a-65e51a26fd84,http://data.europa.eu/esco/occupation/84871c2a-abd1-45eb-b03a-65e51a26fd84,business_performance_goal_management,,,Industry Research Associate,long-range market and portfolio choices,industry research | scenario planning | market sizing | competitive analysis | financial modelling,"Tracked regulatory, technology and competitor shifts in online retail, digital payments, and subscription content markets, built alternative demand cases, and briefed leadership on where to place the next investment.",cost analyst,Business Performance & Goal Management,supporting,0,,,annotator_813,2026/8/17
C001,business_performance_goal_management::http://data.europa.eu/esco/occupation/8d586ee9-0ab1-4155-a3b0-2ca786c8e48c,http://data.europa.eu/esco/occupation/8d586ee9-0ab1-4155-a3b0-2ca786c8e48c,business_performance_goal_management,,,Industry Research Associate,long-range market and portfolio choices,industry research | scenario planning | market sizing | competitive analysis | financial modelling,"Tracked regulatory, technology and competitor shifts in online retail, digital payments, and subscription content markets, built alternative demand cases, and briefed leadership on where to place the next investment.",financial analyst,Business Performance & Goal Management,supporting,0,,,annotator_813,2026/8/17
C001,business_performance_goal_management::http://data.europa.eu/esco/occupation/d3edb8f8-3a06-47a0-8fb9-9b212c006aa2,http://data.europa.eu/esco/occupation/d3edb8f8-3a06-47a0-8fb9-9b212c006aa2,business_performance_goal_management,,,Industry Research Associate,long-range market and portfolio choices,industry research | scenario planning | market sizing | competitive analysis | financial modelling,"Tracked regulatory, technology and competitor shifts in online retail, digital payments, and subscription content markets, built alternative demand cases, and briefed leadership on where to place the next investment.",data analyst,Business Performance & Goal Management,overlap,0,,,annotator_813,2026/8/17
C001,business_strategy_focused_analysis::http://data.europa.eu/esco/occupation/50760da6-abc3-424c-b159-8ddf0818e016,http://data.europa.eu/esco/occupation/50760da6-abc3-424c-b159-8ddf0818e016,business_strategy_focused_analysis,,,Industry Research Associate,long-range market and portfolio choices,industry research | scenario planning | market sizing | competitive analysis | financial modelling,"Tracked regulatory, technology and competitor shifts in online retail, digital payments, and subscription content markets, built alternative demand cases, and briefed leadership on where to place the next investment.",business valuer,Business Strategy & Focused Analysis,supporting,1,financial modelling; no valuation evidence,strong,annotator_813,2026/8/17
C001,business_strategy_focused_analysis::http://data.europa.eu/esco/occupation/60082a99-d8ef-4e84-9290-78902681b6ed,http://data.europa.eu/esco/occupation/60082a99-d8ef-4e84-9290-78902681b6ed,business_strategy_focused_analysis,,,Industry Research Associate,long-range market and portfolio choices,industry research | scenario planning | market sizing | competitive analysis | financial modelling,"Tracked regulatory, technology and competitor shifts in online retail, digital payments, and subscription content markets, built alternative demand cases, and briefed leadership on where to place the next investment.",business analyst,Business Strategy & Focused Analysis,core,1,transferable analysis; no requirements/process evidence,strong,annotator_813,2026/8/17
C001,business_strategy_focused_analysis::http://data.europa.eu/esco/occupation/66fb9704-0d56-4673-8e69-7823816b73e1,http://data.europa.eu/esco/occupation/66fb9704-0d56-4673-8e69-7823816b73e1,business_strategy_focused_analysis,,,Industry Research Associate,long-range market and portfolio choices,industry research | scenario planning | market sizing | competitive analysis | financial modelling,"Tracked regulatory, technology and competitor shifts in online retail, digital payments, and subscription content markets, built alternative demand cases, and briefed leadership on where to place the next investment.",market research analyst,Business Strategy & Focused Analysis,overlap,2,,,annotator_813,2026/8/17
C001,business_strategy_focused_analysis::http://data.europa.eu/esco/occupation/6a29d804-f775-446c-bec7-35fc4e28ac97,http://data.europa.eu/esco/occupation/6a29d804-f775-446c-bec7-35fc4e28ac97,business_strategy_focused_analysis,,,Industry Research Associate,long-range market and portfolio choices,industry research | scenario planning | market sizing | competitive analysis | financial modelling,"Tracked regulatory, technology and competitor shifts in online retail, digital payments, and subscription content markets, built alternative demand cases, and briefed leadership on where to place the next investment.",business consultant,Business Strategy & Focused Analysis,core,2,,,annotator_813,2026/8/17
C001,business_strategy_focused_analysis::http://data.europa.eu/esco/occupation/e16c2422-1323-4d8a-bd0f-c7584de70be1,http://data.europa.eu/esco/occupation/e16c2422-1323-4d8a-bd0f-c7584de70be1,business_strategy_focused_analysis,,,Industry Research Associate,long-range market and portfolio choices,industry research | scenario planning | market sizing | competitive analysis | financial modelling,"Tracked regulatory, technology and competitor shifts in online retail, digital payments, and subscription content markets, built alternative demand cases, and briefed leadership on where to place the next investment.",pricing specialist,Business Strategy & Focused Analysis,supporting,1,market analysis; no pricing ownership,moderate,annotator_813,2026/8/17
C001,data_analytics::http://data.europa.eu/esco/occupation/ac8b3cd1-a127-4e6a-8208-5cfcf7111955,http://data.europa.eu/esco/occupation/ac8b3cd1-a127-4e6a-8208-5cfcf7111955,data_analytics,,,Industry Research Associate,long-range market and portfolio choices,industry research | scenario planning | market sizing | competitive analysis | financial modelling,"Tracked regulatory, technology and competitor shifts in online retail, digital payments, and subscription content markets, built alternative demand cases, and briefed leadership on where to place the next investment.",statistician,Data Analytics,overlap,0,,,annotator_813,2026/8/17
C001,data_analytics::http://data.europa.eu/esco/occupation/d3edb8f8-3a06-47a0-8fb9-9b212c006aa2,http://data.europa.eu/esco/occupation/d3edb8f8-3a06-47a0-8fb9-9b212c006aa2,data_analytics,,,Industry Research Associate,long-range market and portfolio choices,industry research | scenario planning | market sizing | competitive analysis | financial modelling,"Tracked regulatory, technology and competitor shifts in online retail, digital payments, and subscription content markets, built alternative demand cases, and briefed leadership on where to place the next investment.",data analyst,Data Analytics,core,0,,,annotator_813,2026/8/17
C001,data_science::http://data.europa.eu/esco/occupation/258e46f9-0075-4a2e-adae-1ff0477e0f30,http://data.europa.eu/esco/occupation/258e46f9-0075-4a2e-adae-1ff0477e0f30,data_science,,,Industry Research Associate,long-range market and portfolio choices,industry research | scenario planning | market sizing | competitive analysis | financial modelling,"Tracked regulatory, technology and competitor shifts in online retail, digital payments, and subscription content markets, built alternative demand cases, and briefed leadership on where to place the next investment.",data scientist,Data Science,core,0,,,annotator_813,2026/8/17
C001,data_science::http://data.europa.eu/esco/occupation/35553663-deab-4d9a-bf22-15c1625d28e8,http://data.europa.eu/esco/occupation/35553663-deab-4d9a-bf22-15c1625d28e8,data_science,,,Industry Research Associate,long-range market and portfolio choices,industry research | scenario planning | market sizing | competitive analysis | financial modelling,"Tracked regulatory, technology and competitor shifts in online retail, digital payments, and subscription content markets, built alternative demand cases, and briefed leadership on where to place the next investment.",artificial intelligence engineer,Data Science,supporting,0,,,annotator_813,2026/8/17
C001,data_science::http://data.europa.eu/esco/occupation/ac8b3cd1-a127-4e6a-8208-5cfcf7111955,http://data.europa.eu/esco/occupation/ac8b3cd1-a127-4e6a-8208-5cfcf7111955,data_science,,,Industry Research Associate,long-range market and portfolio choices,industry research | scenario planning | market sizing | competitive analysis | financial modelling,"Tracked regulatory, technology and competitor shifts in online retail, digital payments, and subscription content markets, built alternative demand cases, and briefed leadership on where to place the next investment.",statistician,Data Science,overlap,0,,,annotator_813,2026/8/17
C001,strategic_analysis::http://data.europa.eu/esco/occupation/4f49df98-98b8-4a9e-98ad-9c5557817eba,http://data.europa.eu/esco/occupation/4f49df98-98b8-4a9e-98ad-9c5557817eba,strategic_analysis,,,Industry Research Associate,long-range market and portfolio choices,industry research | scenario planning | market sizing | competitive analysis | financial modelling,"Tracked regulatory, technology and competitor shifts in online retail, digital payments, and subscription content markets, built alternative demand cases, and briefed leadership on where to place the next investment.",strategic planning manager,Strategic Analysis,supporting,1,scenario planning; no formal strategy ownership,strong,annotator_813,2026/8/17
C001,strategic_analysis::http://data.europa.eu/esco/occupation/56afc09a-75a0-49c7-a5cb-256df45d8f2d,http://data.europa.eu/esco/occupation/56afc09a-75a0-49c7-a5cb-256df45d8f2d,strategic_analysis,,,Industry Research Associate,long-range market and portfolio choices,industry research | scenario planning | market sizing | competitive analysis | financial modelling,"Tracked regulatory, technology and competitor shifts in online retail, digital payments, and subscription content markets, built alternative demand cases, and briefed leadership on where to place the next investment.",economic adviser,Strategic Analysis,supporting,1,,moderate,annotator_813,2026/8/17
C001,strategic_analysis::http://data.europa.eu/esco/occupation/66fb9704-0d56-4673-8e69-7823816b73e1,http://data.europa.eu/esco/occupation/66fb9704-0d56-4673-8e69-7823816b73e1,strategic_analysis,,,Industry Research Associate,long-range market and portfolio choices,industry research | scenario planning | market sizing | competitive analysis | financial modelling,"Tracked regulatory, technology and competitor shifts in online retail, digital payments, and subscription content markets, built alternative demand cases, and briefed leadership on where to place the next investment.",market research analyst,Strategic Analysis,overlap,2,,,annotator_813,2026/8/17
C001,strategic_analysis::http://data.europa.eu/esco/occupation/99492920-e5a5-4dba-9e5a-93193147198c,http://data.europa.eu/esco/occupation/99492920-e5a5-4dba-9e5a-93193147198c,strategic_analysis,,,Industry Research Associate,long-range market and portfolio choices,industry research | scenario planning | market sizing | competitive analysis | financial modelling,"Tracked regulatory, technology and competitor shifts in online retail, digital payments, and subscription content markets, built alternative demand cases, and briefed leadership on where to place the next investment.",economist,Strategic Analysis,supporting,1,,moderate,annotator_813,2026/8/17
C002,business_performance_goal_management::http://data.europa.eu/esco/occupation/4e4a291d-1d38-4c5a-812a-5827d0691b11,http://data.europa.eu/esco/occupation/4e4a291d-1d38-4c5a-812a-5827d0691b11,business_performance_goal_management,,,Corporate Planning Analyst,evaluate new growth spaces | turn findings into business initiatives,market research | business case development | scenario analysis | stakeholder interviews | executive communication,"Compared expansion options using customer economics and capability gaps, then translated the preferred option into a first-year action agenda for one business unit.",budget analyst,Business Performance & Goal Management,supporting,0,,,annotator_813,2026/8/17
C002,business_performance_goal_management::http://data.europa.eu/esco/occupation/84871c2a-abd1-45eb-b03a-65e51a26fd84,http://data.europa.eu/esco/occupation/84871c2a-abd1-45eb-b03a-65e51a26fd84,business_performance_goal_management,,,Corporate Planning Analyst,evaluate new growth spaces | turn findings into business initiatives,market research | business case development | scenario analysis | stakeholder interviews | executive communication,"Compared expansion options using customer economics and capability gaps, then translated the preferred option into a first-year action agenda for one business unit.",cost analyst,Business Performance & Goal Management,supporting,0,,,annotator_813,2026/8/17
C002,business_performance_goal_management::http://data.europa.eu/esco/occupation/8d586ee9-0ab1-4155-a3b0-2ca786c8e48c,http://data.europa.eu/esco/occupation/8d586ee9-0ab1-4155-a3b0-2ca786c8e48c,business_performance_goal_management,,,Corporate Planning Analyst,evaluate new growth spaces | turn findings into business initiatives,market research | business case development | scenario analysis | stakeholder interviews | executive communication,"Compared expansion options using customer economics and capability gaps, then translated the preferred option into a first-year action agenda for one business unit.",financial analyst,Business Performance & Goal Management,supporting,1,business-case analysis; no financial analysis evidence,moderate,annotator_813,2026/8/17
C002,business_performance_goal_management::http://data.europa.eu/esco/occupation/d3edb8f8-3a06-47a0-8fb9-9b212c006aa2,http://data.europa.eu/esco/occupation/d3edb8f8-3a06-47a0-8fb9-9b212c006aa2,business_performance_goal_management,,,Corporate Planning Analyst,evaluate new growth spaces | turn findings into business initiatives,market research | business case development | scenario analysis | stakeholder interviews | executive communication,"Compared expansion options using customer economics and capability gaps, then translated the preferred option into a first-year action agenda for one business unit.",data analyst,Business Performance & Goal Management,overlap,0,,,annotator_813,2026/8/17
C002,business_strategy_focused_analysis::http://data.europa.eu/esco/occupation/50760da6-abc3-424c-b159-8ddf0818e016,http://data.europa.eu/esco/occupation/50760da6-abc3-424c-b159-8ddf0818e016,business_strategy_focused_analysis,,,Corporate Planning Analyst,evaluate new growth spaces | turn findings into business initiatives,market research | business case development | scenario analysis | stakeholder interviews | executive communication,"Compared expansion options using customer economics and capability gaps, then translated the preferred option into a first-year action agenda for one business unit.",business valuer,Business Strategy & Focused Analysis,supporting,1,business-case analysis; no valuation evidence,moderate,annotator_813,2026/8/17
C002,business_strategy_focused_analysis::http://data.europa.eu/esco/occupation/60082a99-d8ef-4e84-9290-78902681b6ed,http://data.europa.eu/esco/occupation/60082a99-d8ef-4e84-9290-78902681b6ed,business_strategy_focused_analysis,,,Corporate Planning Analyst,evaluate new growth spaces | turn findings into business initiatives,market research | business case development | scenario analysis | stakeholder interviews | executive communication,"Compared expansion options using customer economics and capability gaps, then translated the preferred option into a first-year action agenda for one business unit.",business analyst,Business Strategy & Focused Analysis,core,2,,,annotator_813,2026/8/17
C002,business_strategy_focused_analysis::http://data.europa.eu/esco/occupation/66fb9704-0d56-4673-8e69-7823816b73e1,http://data.europa.eu/esco/occupation/66fb9704-0d56-4673-8e69-7823816b73e1,business_strategy_focused_analysis,,,Corporate Planning Analyst,evaluate new growth spaces | turn findings into business initiatives,market research | business case development | scenario analysis | stakeholder interviews | executive communication,"Compared expansion options using customer economics and capability gaps, then translated the preferred option into a first-year action agenda for one business unit.",market research analyst,Business Strategy & Focused Analysis,overlap,2,,,annotator_813,2026/8/17
C002,business_strategy_focused_analysis::http://data.europa.eu/esco/occupation/6a29d804-f775-446c-bec7-35fc4e28ac97,http://data.europa.eu/esco/occupation/6a29d804-f775-446c-bec7-35fc4e28ac97,business_strategy_focused_analysis,,,Corporate Planning Analyst,evaluate new growth spaces | turn findings into business initiatives,market research | business case development | scenario analysis | stakeholder interviews | executive communication,"Compared expansion options using customer economics and capability gaps, then translated the preferred option into a first-year action agenda for one business unit.",business consultant,Business Strategy & Focused Analysis,core,2,,,annotator_813,2026/8/17
C002,business_strategy_focused_analysis::http://data.europa.eu/esco/occupation/e16c2422-1323-4d8a-bd0f-c7584de70be1,http://data.europa.eu/esco/occupation/e16c2422-1323-4d8a-bd0f-c7584de70be1,business_strategy_focused_analysis,,,Corporate Planning Analyst,evaluate new growth spaces | turn findings into business initiatives,market research | business case development | scenario analysis | stakeholder interviews | executive communication,"Compared expansion options using customer economics and capability gaps, then translated the preferred option into a first-year action agenda for one business unit.",pricing specialist,Business Strategy & Focused Analysis,supporting,1,market analysis; no pricing strategy evidence,moderate,annotator_813,2026/8/17
C002,data_analytics::http://data.europa.eu/esco/occupation/ac8b3cd1-a127-4e6a-8208-5cfcf7111955,http://data.europa.eu/esco/occupation/ac8b3cd1-a127-4e6a-8208-5cfcf7111955,data_analytics,,,Corporate Planning Analyst,evaluate new growth spaces | turn findings into business initiatives,market research | business case development | scenario analysis | stakeholder interviews | executive communication,"Compared expansion options using customer economics and capability gaps, then translated the preferred option into a first-year action agenda for one business unit.",statistician,Data Analytics,overlap,0,,,annotator_813,2026/8/17
C002,data_analytics::http://data.europa.eu/esco/occupation/d3edb8f8-3a06-47a0-8fb9-9b212c006aa2,http://data.europa.eu/esco/occupation/d3edb8f8-3a06-47a0-8fb9-9b212c006aa2,data_analytics,,,Corporate Planning Analyst,evaluate new growth spaces | turn findings into business initiatives,market research | business case development | scenario analysis | stakeholder interviews | executive communication,"Compared expansion options using customer economics and capability gaps, then translated the preferred option into a first-year action agenda for one business unit.",data analyst,Data Analytics,core,0,,,annotator_813,2026/8/17
C002,data_science::http://data.europa.eu/esco/occupation/258e46f9-0075-4a2e-adae-1ff0477e0f30,http://data.europa.eu/esco/occupation/258e46f9-0075-4a2e-adae-1ff0477e0f30,data_science,,,Corporate Planning Analyst,evaluate new growth spaces | turn findings into business initiatives,market research | business case development | scenario analysis | stakeholder interviews | executive communication,"Compared expansion options using customer economics and capability gaps, then translated the preferred option into a first-year action agenda for one business unit.",data scientist,Data Science,core,0,,,annotator_813,2026/8/17
C002,data_science::http://data.europa.eu/esco/occupation/35553663-deab-4d9a-bf22-15c1625d28e8,http://data.europa.eu/esco/occupation/35553663-deab-4d9a-bf22-15c1625d28e8,data_science,,,Corporate Planning Analyst,evaluate new growth spaces | turn findings into business initiatives,market research | business case development | scenario analysis | stakeholder interviews | executive communication,"Compared expansion options using customer economics and capability gaps, then translated the preferred option into a first-year action agenda for one business unit.",artificial intelligence engineer,Data Science,supporting,0,,,annotator_813,2026/8/17
C002,data_science::http://data.europa.eu/esco/occupation/ac8b3cd1-a127-4e6a-8208-5cfcf7111955,http://data.europa.eu/esco/occupation/ac8b3cd1-a127-4e6a-8208-5cfcf7111955,data_science,,,Corporate Planning Analyst,evaluate new growth spaces | turn findings into business initiatives,market research | business case development | scenario analysis | stakeholder interviews | executive communication,"Compared expansion options using customer economics and capability gaps, then translated the preferred option into a first-year action agenda for one business unit.",statistician,Data Science,overlap,0,,,annotator_813,2026/8/17
C002,strategic_analysis::http://data.europa.eu/esco/occupation/4f49df98-98b8-4a9e-98ad-9c5557817eba,http://data.europa.eu/esco/occupation/4f49df98-98b8-4a9e-98ad-9c5557817eba,strategic_analysis,,,Corporate Planning Analyst,evaluate new growth spaces | turn findings into business initiatives,market research | business case development | scenario analysis | stakeholder interviews | executive communication,"Compared expansion options using customer economics and capability gaps, then translated the preferred option into a first-year action agenda for one business unit.",strategic planning manager,Strategic Analysis,supporting,2,,,annotator_813,2026/8/17
C002,strategic_analysis::http://data.europa.eu/esco/occupation/56afc09a-75a0-49c7-a5cb-256df45d8f2d,http://data.europa.eu/esco/occupation/56afc09a-75a0-49c7-a5cb-256df45d8f2d,strategic_analysis,,,Corporate Planning Analyst,evaluate new growth spaces | turn findings into business initiatives,market research | business case development | scenario analysis | stakeholder interviews | executive communication,"Compared expansion options using customer economics and capability gaps, then translated the preferred option into a first-year action agenda for one business unit.",economic adviser,Strategic Analysis,supporting,1,market scenario analysis; no economic advisory evidence,moderate,annotator_813,2026/8/17
C002,strategic_analysis::http://data.europa.eu/esco/occupation/66fb9704-0d56-4673-8e69-7823816b73e1,http://data.europa.eu/esco/occupation/66fb9704-0d56-4673-8e69-7823816b73e1,strategic_analysis,,,Corporate Planning Analyst,evaluate new growth spaces | turn findings into business initiatives,market research | business case development | scenario analysis | stakeholder interviews | executive communication,"Compared expansion options using customer economics and capability gaps, then translated the preferred option into a first-year action agenda for one business unit.",market research analyst,Strategic Analysis,overlap,2,,,annotator_813,2026/8/17
C002,strategic_analysis::http://data.europa.eu/esco/occupation/99492920-e5a5-4dba-9e5a-93193147198c,http://data.europa.eu/esco/occupation/99492920-e5a5-4dba-9e5a-93193147198c,strategic_analysis,,,Corporate Planning Analyst,evaluate new growth spaces | turn findings into business initiatives,market research | business case development | scenario analysis | stakeholder interviews | executive communication,"Compared expansion options using customer economics and capability gaps, then translated the preferred option into a first-year action agenda for one business unit.",economist,Strategic Analysis,supporting,1,market analysis; no economic research evidence,moderate,annotator_813,2026/8/17
C003,business_performance_goal_management::http://data.europa.eu/esco/occupation/4e4a291d-1d38-4c5a-812a-5827d0691b11,http://data.europa.eu/esco/occupation/4e4a291d-1d38-4c5a-812a-5827d0691b11,business_performance_goal_management,,,Commercial Analyst,assess multi-year opportunities and investment choices,commercial analysis | market sizing | competitive research | business cases | presentation,Led a pricing and channel review for one product line and added an external scan showing how regulation and substitutes could change the opportunity over the next several planning cycles.,budget analyst,Business Performance & Goal Management,supporting,1,investment-choice context; no budgeting evidence,moderate,annotator_813,2026/8/17
C003,business_performance_goal_management::http://data.europa.eu/esco/occupation/84871c2a-abd1-45eb-b03a-65e51a26fd84,http://data.europa.eu/esco/occupation/84871c2a-abd1-45eb-b03a-65e51a26fd84,business_performance_goal_management,,,Commercial Analyst,assess multi-year opportunities and investment choices,commercial analysis | market sizing | competitive research | business cases | presentation,Led a pricing and channel review for one product line and added an external scan showing how regulation and substitutes could change the opportunity over the next several planning cycles.,cost analyst,Business Performance & Goal Management,supporting,0,,moderate,annotator_813,2026/8/17
C003,business_performance_goal_management::http://data.europa.eu/esco/occupation/8d586ee9-0ab1-4155-a3b0-2ca786c8e48c,http://data.europa.eu/esco/occupation/8d586ee9-0ab1-4155-a3b0-2ca786c8e48c,business_performance_goal_management,,,Commercial Analyst,assess multi-year opportunities and investment choices,commercial analysis | market sizing | competitive research | business cases | presentation,Led a pricing and channel review for one product line and added an external scan showing how regulation and substitutes could change the opportunity over the next several planning cycles.,financial analyst,Business Performance & Goal Management,supporting,1,business-case analysis; no financial modelling evidence,moderate,annotator_813,2026/8/17
C003,business_performance_goal_management::http://data.europa.eu/esco/occupation/d3edb8f8-3a06-47a0-8fb9-9b212c006aa2,http://data.europa.eu/esco/occupation/d3edb8f8-3a06-47a0-8fb9-9b212c006aa2,business_performance_goal_management,,,Commercial Analyst,assess multi-year opportunities and investment choices,commercial analysis | market sizing | competitive research | business cases | presentation,Led a pricing and channel review for one product line and added an external scan showing how regulation and substitutes could change the opportunity over the next several planning cycles.,data analyst,Business Performance & Goal Management,overlap,0,,moderate,annotator_813,2026/8/17
C003,business_strategy_focused_analysis::http://data.europa.eu/esco/occupation/50760da6-abc3-424c-b159-8ddf0818e016,http://data.europa.eu/esco/occupation/50760da6-abc3-424c-b159-8ddf0818e016,business_strategy_focused_analysis,,,Commercial Analyst,assess multi-year opportunities and investment choices,commercial analysis | market sizing | competitive research | business cases | presentation,Led a pricing and channel review for one product line and added an external scan showing how regulation and substitutes could change the opportunity over the next several planning cycles.,business valuer,Business Strategy & Focused Analysis,supporting,1,business-case analysis; no valuation evidence,moderate,annotator_813,2026/8/17
C003,business_strategy_focused_analysis::http://data.europa.eu/esco/occupation/60082a99-d8ef-4e84-9290-78902681b6ed,http://data.europa.eu/esco/occupation/60082a99-d8ef-4e84-9290-78902681b6ed,business_strategy_focused_analysis,,,Commercial Analyst,assess multi-year opportunities and investment choices,commercial analysis | market sizing | competitive research | business cases | presentation,Led a pricing and channel review for one product line and added an external scan showing how regulation and substitutes could change the opportunity over the next several planning cycles.,business analyst,Business Strategy & Focused Analysis,core,2,,,annotator_813,2026/8/17
C003,business_strategy_focused_analysis::http://data.europa.eu/esco/occupation/66fb9704-0d56-4673-8e69-7823816b73e1,http://data.europa.eu/esco/occupation/66fb9704-0d56-4673-8e69-7823816b73e1,business_strategy_focused_analysis,,,Commercial Analyst,assess multi-year opportunities and investment choices,commercial analysis | market sizing | competitive research | business cases | presentation,Led a pricing and channel review for one product line and added an external scan showing how regulation and substitutes could change the opportunity over the next several planning cycles.,market research analyst,Business Strategy & Focused Analysis,overlap,2,,,annotator_813,2026/8/17
C003,business_strategy_focused_analysis::http://data.europa.eu/esco/occupation/6a29d804-f775-446c-bec7-35fc4e28ac97,http://data.europa.eu/esco/occupation/6a29d804-f775-446c-bec7-35fc4e28ac97,business_strategy_focused_analysis,,,Commercial Analyst,assess multi-year opportunities and investment choices,commercial analysis | market sizing | competitive research | business cases | presentation,Led a pricing and channel review for one product line and added an external scan showing how regulation and substitutes could change the opportunity over the next several planning cycles.,business consultant,Business Strategy & Focused Analysis,core,2,,,annotator_813,2026/8/17
C003,business_strategy_focused_analysis::http://data.europa.eu/esco/occupation/e16c2422-1323-4d8a-bd0f-c7584de70be1,http://data.europa.eu/esco/occupation/e16c2422-1323-4d8a-bd0f-c7584de70be1,business_strategy_focused_analysis,,,Commercial Analyst,assess multi-year opportunities and investment choices,commercial analysis | market sizing | competitive research | business cases | presentation,Led a pricing and channel review for one product line and added an external scan showing how regulation and substitutes could change the opportunity over the next several planning cycles.,pricing specialist,Business Strategy & Focused Analysis,supporting,2,,,annotator_813,2026/8/17
C003,data_analytics::http://data.europa.eu/esco/occupation/ac8b3cd1-a127-4e6a-8208-5cfcf7111955,http://data.europa.eu/esco/occupation/ac8b3cd1-a127-4e6a-8208-5cfcf7111955,data_analytics,,,Commercial Analyst,assess multi-year opportunities and investment choices,commercial analysis | market sizing | competitive research | business cases | presentation,Led a pricing and channel review for one product line and added an external scan showing how regulation and substitutes could change the opportunity over the next several planning cycles.,statistician,Data Analytics,overlap,0,,,annotator_813,2026/8/17
C003,data_analytics::http://data.europa.eu/esco/occupation/d3edb8f8-3a06-47a0-8fb9-9b212c006aa2,http://data.europa.eu/esco/occupation/d3edb8f8-3a06-47a0-8fb9-9b212c006aa2,data_analytics,,,Commercial Analyst,assess multi-year opportunities and investment choices,commercial analysis | market sizing | competitive research | business cases | presentation,Led a pricing and channel review for one product line and added an external scan showing how regulation and substitutes could change the opportunity over the next several planning cycles.,data analyst,Data Analytics,core,0,,,annotator_813,2026/8/17
C003,data_science::http://data.europa.eu/esco/occupation/258e46f9-0075-4a2e-adae-1ff0477e0f30,http://data.europa.eu/esco/occupation/258e46f9-0075-4a2e-adae-1ff0477e0f30,data_science,,,Commercial Analyst,assess multi-year opportunities and investment choices,commercial analysis | market sizing | competitive research | business cases | presentation,Led a pricing and channel review for one product line and added an external scan showing how regulation and substitutes could change the opportunity over the next several planning cycles.,data scientist,Data Science,core,0,,,annotator_813,2026/8/17
C003,data_science::http://data.europa.eu/esco/occupation/35553663-deab-4d9a-bf22-15c1625d28e8,http://data.europa.eu/esco/occupation/35553663-deab-4d9a-bf22-15c1625d28e8,data_science,,,Commercial Analyst,assess multi-year opportunities and investment choices,commercial analysis | market sizing | competitive research | business cases | presentation,Led a pricing and channel review for one product line and added an external scan showing how regulation and substitutes could change the opportunity over the next several planning cycles.,artificial intelligence engineer,Data Science,supporting,0,,,annotator_813,2026/8/17
C003,data_science::http://data.europa.eu/esco/occupation/ac8b3cd1-a127-4e6a-8208-5cfcf7111955,http://data.europa.eu/esco/occupation/ac8b3cd1-a127-4e6a-8208-5cfcf7111955,data_science,,,Commercial Analyst,assess multi-year opportunities and investment choices,commercial analysis | market sizing | competitive research | business cases | presentation,Led a pricing and channel review for one product line and added an external scan showing how regulation and substitutes could change the opportunity over the next several planning cycles.,statistician,Data Science,overlap,0,,,annotator_813,2026/8/17
C003,strategic_analysis::http://data.europa.eu/esco/occupation/4f49df98-98b8-4a9e-98ad-9c5557817eba,http://data.europa.eu/esco/occupation/4f49df98-98b8-4a9e-98ad-9c5557817eba,strategic_analysis,,,Commercial Analyst,assess multi-year opportunities and investment choices,commercial analysis | market sizing | competitive research | business cases | presentation,Led a pricing and channel review for one product line and added an external scan showing how regulation and substitutes could change the opportunity over the next several planning cycles.,strategic planning manager,Strategic Analysis,supporting,1,multi-cycle external scan; no strategy ownership,strong,annotator_813,2026/8/17
C003,strategic_analysis::http://data.europa.eu/esco/occupation/56afc09a-75a0-49c7-a5cb-256df45d8f2d,http://data.europa.eu/esco/occupation/56afc09a-75a0-49c7-a5cb-256df45d8f2d,strategic_analysis,,,Commercial Analyst,assess multi-year opportunities and investment choices,commercial analysis | market sizing | competitive research | business cases | presentation,Led a pricing and channel review for one product line and added an external scan showing how regulation and substitutes could change the opportunity over the next several planning cycles.,economic adviser,Strategic Analysis,supporting,1,external trend analysis; no economic advisory evidence,moderate,annotator_813,2026/8/17
C003,strategic_analysis::http://data.europa.eu/esco/occupation/66fb9704-0d56-4673-8e69-7823816b73e1,http://data.europa.eu/esco/occupation/66fb9704-0d56-4673-8e69-7823816b73e1,strategic_analysis,,,Commercial Analyst,assess multi-year opportunities and investment choices,commercial analysis | market sizing | competitive research | business cases | presentation,Led a pricing and channel review for one product line and added an external scan showing how regulation and substitutes could change the opportunity over the next several planning cycles.,market research analyst,Strategic Analysis,overlap,2,,,annotator_813,2026/8/17
C003,strategic_analysis::http://data.europa.eu/esco/occupation/99492920-e5a5-4dba-9e5a-93193147198c,http://data.europa.eu/esco/occupation/99492920-e5a5-4dba-9e5a-93193147198c,strategic_analysis,,,Commercial Analyst,assess multi-year opportunities and investment choices,commercial analysis | market sizing | competitive research | business cases | presentation,Led a pricing and channel review for one product line and added an external scan showing how regulation and substitutes could change the opportunity over the next several planning cycles.,economist,Strategic Analysis,supporting,1,market research; no economic research evidence,strong,annotator_813,2026/8/17
C004,business_performance_goal_management::http://data.europa.eu/esco/occupation/4e4a291d-1d38-4c5a-812a-5827d0691b11,http://data.europa.eu/esco/occupation/4e4a291d-1d38-4c5a-812a-5827d0691b11,business_performance_goal_management,,,Research Coordinator,explore how industries may change over time,desk research | Excel | interview coordination | documentation,"Collected news, interview notes and public statistics for senior colleagues; contributions were mainly source summaries and meeting preparation rather than option evaluation.",budget analyst,Business Performance & Goal Management,supporting,0,,,annotator_813,2026/8/17
C004,business_performance_goal_management::http://data.europa.eu/esco/occupation/84871c2a-abd1-45eb-b03a-65e51a26fd84,http://data.europa.eu/esco/occupation/84871c2a-abd1-45eb-b03a-65e51a26fd84,business_performance_goal_management,,,Research Coordinator,explore how industries may change over time,desk research | Excel | interview coordination | documentation,"Collected news, interview notes and public statistics for senior colleagues; contributions were mainly source summaries and meeting preparation rather than option evaluation.",cost analyst,Business Performance & Goal Management,supporting,0,,,annotator_813,2026/8/17
C004,business_performance_goal_management::http://data.europa.eu/esco/occupation/8d586ee9-0ab1-4155-a3b0-2ca786c8e48c,http://data.europa.eu/esco/occupation/8d586ee9-0ab1-4155-a3b0-2ca786c8e48c,business_performance_goal_management,,,Research Coordinator,explore how industries may change over time,desk research | Excel | interview coordination | documentation,"Collected news, interview notes and public statistics for senior colleagues; contributions were mainly source summaries and meeting preparation rather than option evaluation.",financial analyst,Business Performance & Goal Management,supporting,0,,,annotator_813,2026/8/17
C004,business_performance_goal_management::http://data.europa.eu/esco/occupation/d3edb8f8-3a06-47a0-8fb9-9b212c006aa2,http://data.europa.eu/esco/occupation/d3edb8f8-3a06-47a0-8fb9-9b212c006aa2,business_performance_goal_management,,,Research Coordinator,explore how industries may change over time,desk research | Excel | interview coordination | documentation,"Collected news, interview notes and public statistics for senior colleagues; contributions were mainly source summaries and meeting preparation rather than option evaluation.",data analyst,Business Performance & Goal Management,overlap,0,,,annotator_813,2026/8/17
C004,business_strategy_focused_analysis::http://data.europa.eu/esco/occupation/50760da6-abc3-424c-b159-8ddf0818e016,http://data.europa.eu/esco/occupation/50760da6-abc3-424c-b159-8ddf0818e016,business_strategy_focused_analysis,,,Research Coordinator,explore how industries may change over time,desk research | Excel | interview coordination | documentation,"Collected news, interview notes and public statistics for senior colleagues; contributions were mainly source summaries and meeting preparation rather than option evaluation.",business valuer,Business Strategy & Focused Analysis,supporting,0,,weak,annotator_813,2026/8/17
C004,business_strategy_focused_analysis::http://data.europa.eu/esco/occupation/60082a99-d8ef-4e84-9290-78902681b6ed,http://data.europa.eu/esco/occupation/60082a99-d8ef-4e84-9290-78902681b6ed,business_strategy_focused_analysis,,,Research Coordinator,explore how industries may change over time,desk research | Excel | interview coordination | documentation,"Collected news, interview notes and public statistics for senior colleagues; contributions were mainly source summaries and meeting preparation rather than option evaluation.",business analyst,Business Strategy & Focused Analysis,core,1,research support; no business diagnosis evidence,weak,annotator_813,2026/8/17
C004,business_strategy_focused_analysis::http://data.europa.eu/esco/occupation/66fb9704-0d56-4673-8e69-7823816b73e1,http://data.europa.eu/esco/occupation/66fb9704-0d56-4673-8e69-7823816b73e1,business_strategy_focused_analysis,,,Research Coordinator,explore how industries may change over time,desk research | Excel | interview coordination | documentation,"Collected news, interview notes and public statistics for senior colleagues; contributions were mainly source summaries and meeting preparation rather than option evaluation.",market research analyst,Business Strategy & Focused Analysis,overlap,1,source research; no market conclusions evidence,weak,annotator_813,2026/8/17
C004,business_strategy_focused_analysis::http://data.europa.eu/esco/occupation/6a29d804-f775-446c-bec7-35fc4e28ac97,http://data.europa.eu/esco/occupation/6a29d804-f775-446c-bec7-35fc4e28ac97,business_strategy_focused_analysis,,,Research Coordinator,explore how industries may change over time,desk research | Excel | interview coordination | documentation,"Collected news, interview notes and public statistics for senior colleagues; contributions were mainly source summaries and meeting preparation rather than option evaluation.",business consultant,Business Strategy & Focused Analysis,core,1,,weak,annotator_813,2026/8/17
C004,business_strategy_focused_analysis::http://data.europa.eu/esco/occupation/e16c2422-1323-4d8a-bd0f-c7584de70be1,http://data.europa.eu/esco/occupation/e16c2422-1323-4d8a-bd0f-c7584de70be1,business_strategy_focused_analysis,,,Research Coordinator,explore how industries may change over time,desk research | Excel | interview coordination | documentation,"Collected news, interview notes and public statistics for senior colleagues; contributions were mainly source summaries and meeting preparation rather than option evaluation.",pricing specialist,Business Strategy & Focused Analysis,supporting,0,,weak,annotator_813,2026/8/17
C004,data_analytics::http://data.europa.eu/esco/occupation/ac8b3cd1-a127-4e6a-8208-5cfcf7111955,http://data.europa.eu/esco/occupation/ac8b3cd1-a127-4e6a-8208-5cfcf7111955,data_analytics,,,Research Coordinator,explore how industries may change over time,desk research | Excel | interview coordination | documentation,"Collected news, interview notes and public statistics for senior colleagues; contributions were mainly source summaries and meeting preparation rather than option evaluation.",statistician,Data Analytics,overlap,1,,weak,annotator_813,2026/8/17
C004,data_analytics::http://data.europa.eu/esco/occupation/d3edb8f8-3a06-47a0-8fb9-9b212c006aa2,http://data.europa.eu/esco/occupation/d3edb8f8-3a06-47a0-8fb9-9b212c006aa2,data_analytics,,,Research Coordinator,explore how industries may change over time,desk research | Excel | interview coordination | documentation,"Collected news, interview notes and public statistics for senior colleagues; contributions were mainly source summaries and meeting preparation rather than option evaluation.",data analyst,Data Analytics,core,0,,,annotator_813,2026/8/17
C004,data_science::http://data.europa.eu/esco/occupation/258e46f9-0075-4a2e-adae-1ff0477e0f30,http://data.europa.eu/esco/occupation/258e46f9-0075-4a2e-adae-1ff0477e0f30,data_science,,,Research Coordinator,explore how industries may change over time,desk research | Excel | interview coordination | documentation,"Collected news, interview notes and public statistics for senior colleagues; contributions were mainly source summaries and meeting preparation rather than option evaluation.",data scientist,Data Science,core,0,,,annotator_813,2026/8/17
C004,data_science::http://data.europa.eu/esco/occupation/35553663-deab-4d9a-bf22-15c1625d28e8,http://data.europa.eu/esco/occupation/35553663-deab-4d9a-bf22-15c1625d28e8,data_science,,,Research Coordinator,explore how industries may change over time,desk research | Excel | interview coordination | documentation,"Collected news, interview notes and public statistics for senior colleagues; contributions were mainly source summaries and meeting preparation rather than option evaluation.",artificial intelligence engineer,Data Science,supporting,0,,,annotator_813,2026/8/17
C004,data_science::http://data.europa.eu/esco/occupation/ac8b3cd1-a127-4e6a-8208-5cfcf7111955,http://data.europa.eu/esco/occupation/ac8b3cd1-a127-4e6a-8208-5cfcf7111955,data_science,,,Research Coordinator,explore how industries may change over time,desk research | Excel | interview coordination | documentation,"Collected news, interview notes and public statistics for senior colleagues; contributions were mainly source summaries and meeting preparation rather than option evaluation.",statistician,Data Science,overlap,0,,,annotator_813,2026/8/17
C004,strategic_analysis::http://data.europa.eu/esco/occupation/4f49df98-98b8-4a9e-98ad-9c5557817eba,http://data.europa.eu/esco/occupation/4f49df98-98b8-4a9e-98ad-9c5557817eba,strategic_analysis,,,Research Coordinator,explore how industries may change over time,desk research | Excel | interview coordination | documentation,"Collected news, interview notes and public statistics for senior colleagues; contributions were mainly source summaries and meeting preparation rather than option evaluation.",strategic planning manager,Strategic Analysis,supporting,1,external research; no strategy ownership,weak,annotator_813,2026/8/17
C004,strategic_analysis::http://data.europa.eu/esco/occupation/56afc09a-75a0-49c7-a5cb-256df45d8f2d,http://data.europa.eu/esco/occupation/56afc09a-75a0-49c7-a5cb-256df45d8f2d,strategic_analysis,,,Research Coordinator,explore how industries may change over time,desk research | Excel | interview coordination | documentation,"Collected news, interview notes and public statistics for senior colleagues; contributions were mainly source summaries and meeting preparation rather than option evaluation.",economic adviser,Strategic Analysis,supporting,1,public-data research; no economic analysis evidence,weak,annotator_813,2026/8/17
C004,strategic_analysis::http://data.europa.eu/esco/occupation/66fb9704-0d56-4673-8e69-7823816b73e1,http://data.europa.eu/esco/occupation/66fb9704-0d56-4673-8e69-7823816b73e1,strategic_analysis,,,Research Coordinator,explore how industries may change over time,desk research | Excel | interview coordination | documentation,"Collected news, interview notes and public statistics for senior colleagues; contributions were mainly source summaries and meeting preparation rather than option evaluation.",market research analyst,Strategic Analysis,overlap,1,source research; no long-horizon strategic interpretation,weak,annotator_813,2026/8/17
C004,strategic_analysis::http://data.europa.eu/esco/occupation/99492920-e5a5-4dba-9e5a-93193147198c,http://data.europa.eu/esco/occupation/99492920-e5a5-4dba-9e5a-93193147198c,strategic_analysis,,,Research Coordinator,explore how industries may change over time,desk research | Excel | interview coordination | documentation,"Collected news, interview notes and public statistics for senior colleagues; contributions were mainly source summaries and meeting preparation rather than option evaluation.",economist,Strategic Analysis,supporting,1,public-data research; no economic research evidence,weak,annotator_813,2026/8/17
C010,business_performance_goal_management::http://data.europa.eu/esco/occupation/4e4a291d-1d38-4c5a-812a-5827d0691b11,http://data.europa.eu/esco/occupation/4e4a291d-1d38-4c5a-812a-5827d0691b11,business_performance_goal_management,,,Business Performance Analyst,connect operating evidence with longer-horizon choices,performance analysis | industry research | forecasting | scenario analysis | management reporting,"Used recurring performance reviews to identify a maturing segment, then added competitor and technology evidence to question the next planning cycle's allocation assumptions.",budget analyst,Business Performance & Goal Management,supporting,1,,moderate,annotator_813,2026/8/18
C010,business_performance_goal_management::http://data.europa.eu/esco/occupation/84871c2a-abd1-45eb-b03a-65e51a26fd84,http://data.europa.eu/esco/occupation/84871c2a-abd1-45eb-b03a-65e51a26fd84,business_performance_goal_management,,,Business Performance Analyst,connect operating evidence with longer-horizon choices,performance analysis | industry research | forecasting | scenario analysis | management reporting,"Used recurring performance reviews to identify a maturing segment, then added competitor and technology evidence to question the next planning cycle's allocation assumptions.",cost analyst,Business Performance & Goal Management,supporting,0,,,annotator_813,2026/8/18
C010,business_performance_goal_management::http://data.europa.eu/esco/occupation/8d586ee9-0ab1-4155-a3b0-2ca786c8e48c,http://data.europa.eu/esco/occupation/8d586ee9-0ab1-4155-a3b0-2ca786c8e48c,business_performance_goal_management,,,Business Performance Analyst,connect operating evidence with longer-horizon choices,performance analysis | industry research | forecasting | scenario analysis | management reporting,"Used recurring performance reviews to identify a maturing segment, then added competitor and technology evidence to question the next planning cycle's allocation assumptions.",financial analyst,Business Performance & Goal Management,supporting,0,,,annotator_813,2026/8/18
C010,business_performance_goal_management::http://data.europa.eu/esco/occupation/d3edb8f8-3a06-47a0-8fb9-9b212c006aa2,http://data.europa.eu/esco/occupation/d3edb8f8-3a06-47a0-8fb9-9b212c006aa2,business_performance_goal_management,,,Business Performance Analyst,connect operating evidence with longer-horizon choices,performance analysis | industry research | forecasting | scenario analysis | management reporting,"Used recurring performance reviews to identify a maturing segment, then added competitor and technology evidence to question the next planning cycle's allocation assumptions.",data analyst,Business Performance & Goal Management,overlap,1,,moderate,annotator_813,2026/8/18
C010,business_strategy_focused_analysis::http://data.europa.eu/esco/occupation/50760da6-abc3-424c-b159-8ddf0818e016,http://data.europa.eu/esco/occupation/50760da6-abc3-424c-b159-8ddf0818e016,business_strategy_focused_analysis,,,Business Performance Analyst,connect operating evidence with longer-horizon choices,performance analysis | industry research | forecasting | scenario analysis | management reporting,"Used recurring performance reviews to identify a maturing segment, then added competitor and technology evidence to question the next planning cycle's allocation assumptions.",business valuer,Business Strategy & Focused Analysis,supporting,1,,weak,annotator_813,2026/8/18
C010,business_strategy_focused_analysis::http://data.europa.eu/esco/occupation/60082a99-d8ef-4e84-9290-78902681b6ed,http://data.europa.eu/esco/occupation/60082a99-d8ef-4e84-9290-78902681b6ed,business_strategy_focused_analysis,,,Business Performance Analyst,connect operating evidence with longer-horizon choices,performance analysis | industry research | forecasting | scenario analysis | management reporting,"Used recurring performance reviews to identify a maturing segment, then added competitor and technology evidence to question the next planning cycle's allocation assumptions.",business analyst,Business Strategy & Focused Analysis,core,2,,,annotator_813,2026/8/18
C010,business_strategy_focused_analysis::http://data.europa.eu/esco/occupation/66fb9704-0d56-4673-8e69-7823816b73e1,http://data.europa.eu/esco/occupation/66fb9704-0d56-4673-8e69-7823816b73e1,business_strategy_focused_analysis,,,Business Performance Analyst,connect operating evidence with longer-horizon choices,performance analysis | industry research | forecasting | scenario analysis | management reporting,"Used recurring performance reviews to identify a maturing segment, then added competitor and technology evidence to question the next planning cycle's allocation assumptions.",market research analyst,Business Strategy & Focused Analysis,overlap,2,,,annotator_813,2026/8/18
C010,business_strategy_focused_analysis::http://data.europa.eu/esco/occupation/6a29d804-f775-446c-bec7-35fc4e28ac97,http://data.europa.eu/esco/occupation/6a29d804-f775-446c-bec7-35fc4e28ac97,business_strategy_focused_analysis,,,Business Performance Analyst,connect operating evidence with longer-horizon choices,performance analysis | industry research | forecasting | scenario analysis | management reporting,"Used recurring performance reviews to identify a maturing segment, then added competitor and technology evidence to question the next planning cycle's allocation assumptions.",business consultant,Business Strategy & Focused Analysis,core,1,,strong,annotator_813,2026/8/18
C010,business_strategy_focused_analysis::http://data.europa.eu/esco/occupation/e16c2422-1323-4d8a-bd0f-c7584de70be1,http://data.europa.eu/esco/occupation/e16c2422-1323-4d8a-bd0f-c7584de70be1,business_strategy_focused_analysis,,,Business Performance Analyst,connect operating evidence with longer-horizon choices,performance analysis | industry research | forecasting | scenario analysis | management reporting,"Used recurring performance reviews to identify a maturing segment, then added competitor and technology evidence to question the next planning cycle's allocation assumptions.",pricing specialist,Business Strategy & Focused Analysis,supporting,1,competitor analysis; no pricing evidence,moderate,annotator_813,2026/8/18
C010,data_analytics::http://data.europa.eu/esco/occupation/ac8b3cd1-a127-4e6a-8208-5cfcf7111955,http://data.europa.eu/esco/occupation/ac8b3cd1-a127-4e6a-8208-5cfcf7111955,data_analytics,,,Business Performance Analyst,connect operating evidence with longer-horizon choices,performance analysis | industry research | forecasting | scenario analysis | management reporting,"Used recurring performance reviews to identify a maturing segment, then added competitor and technology evidence to question the next planning cycle's allocation assumptions.",statistician,Data Analytics,overlap,0,,,annotator_813,2026/8/18
C010,data_analytics::http://data.europa.eu/esco/occupation/d3edb8f8-3a06-47a0-8fb9-9b212c006aa2,http://data.europa.eu/esco/occupation/d3edb8f8-3a06-47a0-8fb9-9b212c006aa2,data_analytics,,,Business Performance Analyst,connect operating evidence with longer-horizon choices,performance analysis | industry research | forecasting | scenario analysis | management reporting,"Used recurring performance reviews to identify a maturing segment, then added competitor and technology evidence to question the next planning cycle's allocation assumptions.",data analyst,Data Analytics,core,1,,moderate,annotator_813,2026/8/18
C010,data_science::http://data.europa.eu/esco/occupation/258e46f9-0075-4a2e-adae-1ff0477e0f30,http://data.europa.eu/esco/occupation/258e46f9-0075-4a2e-adae-1ff0477e0f30,data_science,,,Business Performance Analyst,connect operating evidence with longer-horizon choices,performance analysis | industry research | forecasting | scenario analysis | management reporting,"Used recurring performance reviews to identify a maturing segment, then added competitor and technology evidence to question the next planning cycle's allocation assumptions.",data scientist,Data Science,core,0,,,annotator_813,2026/8/18
C010,data_science::http://data.europa.eu/esco/occupation/35553663-deab-4d9a-bf22-15c1625d28e8,http://data.europa.eu/esco/occupation/35553663-deab-4d9a-bf22-15c1625d28e8,data_science,,,Business Performance Analyst,connect operating evidence with longer-horizon choices,performance analysis | industry research | forecasting | scenario analysis | management reporting,"Used recurring performance reviews to identify a maturing segment, then added competitor and technology evidence to question the next planning cycle's allocation assumptions.",artificial intelligence engineer,Data Science,supporting,0,,,annotator_813,2026/8/18
C010,data_science::http://data.europa.eu/esco/occupation/ac8b3cd1-a127-4e6a-8208-5cfcf7111955,http://data.europa.eu/esco/occupation/ac8b3cd1-a127-4e6a-8208-5cfcf7111955,data_science,,,Business Performance Analyst,connect operating evidence with longer-horizon choices,performance analysis | industry research | forecasting | scenario analysis | management reporting,"Used recurring performance reviews to identify a maturing segment, then added competitor and technology evidence to question the next planning cycle's allocation assumptions.",statistician,Data Science,overlap,0,,,annotator_813,2026/8/18
C010,strategic_analysis::http://data.europa.eu/esco/occupation/4f49df98-98b8-4a9e-98ad-9c5557817eba,http://data.europa.eu/esco/occupation/4f49df98-98b8-4a9e-98ad-9c5557817eba,strategic_analysis,,,Business Performance Analyst,connect operating evidence with longer-horizon choices,performance analysis | industry research | forecasting | scenario analysis | management reporting,"Used recurring performance reviews to identify a maturing segment, then added competitor and technology evidence to question the next planning cycle's allocation assumptions.",strategic planning manager,Strategic Analysis,supporting,1,planning-cycle analysis; no strategy ownership,strong,annotator_813,2026/8/18
C010,strategic_analysis::http://data.europa.eu/esco/occupation/56afc09a-75a0-49c7-a5cb-256df45d8f2d,http://data.europa.eu/esco/occupation/56afc09a-75a0-49c7-a5cb-256df45d8f2d,strategic_analysis,,,Business Performance Analyst,connect operating evidence with longer-horizon choices,performance analysis | industry research | forecasting | scenario analysis | management reporting,"Used recurring performance reviews to identify a maturing segment, then added competitor and technology evidence to question the next planning cycle's allocation assumptions.",economic adviser,Strategic Analysis,supporting,1,,moderate,annotator_813,2026/8/18
C010,strategic_analysis::http://data.europa.eu/esco/occupation/66fb9704-0d56-4673-8e69-7823816b73e1,http://data.europa.eu/esco/occupation/66fb9704-0d56-4673-8e69-7823816b73e1,strategic_analysis,,,Business Performance Analyst,connect operating evidence with longer-horizon choices,performance analysis | industry research | forecasting | scenario analysis | management reporting,"Used recurring performance reviews to identify a maturing segment, then added competitor and technology evidence to question the next planning cycle's allocation assumptions.",market research analyst,Strategic Analysis,overlap,2,,,annotator_813,2026/8/18
C010,strategic_analysis::http://data.europa.eu/esco/occupation/99492920-e5a5-4dba-9e5a-93193147198c,http://data.europa.eu/esco/occupation/99492920-e5a5-4dba-9e5a-93193147198c,strategic_analysis,,,Business Performance Analyst,connect operating evidence with longer-horizon choices,performance analysis | industry research | forecasting | scenario analysis | management reporting,"Used recurring performance reviews to identify a maturing segment, then added competitor and technology evidence to question the next planning cycle's allocation assumptions.",economist,Strategic Analysis,supporting,0,,,annotator_813,2026/8/18
C011,business_performance_goal_management::http://data.europa.eu/esco/occupation/4e4a291d-1d38-4c5a-812a-5827d0691b11,http://data.europa.eu/esco/occupation/4e4a291d-1d38-4c5a-812a-5827d0691b11,business_performance_goal_management,,,Portfolio Insights Consultant,compare future market options while also solving defined commercial questions,market research | customer segmentation | scenario comparison | business case development | recommendation writing,"Compared emerging demand patterns and capability constraints for two market options, then used customer and margin evidence to resolve a near-term retention question. The work produced both a multi-year option note and a tightly scoped action case.",budget analyst,Business Performance & Goal Management,supporting,0,,,annotator_813,2026/8/18
C011,business_performance_goal_management::http://data.europa.eu/esco/occupation/84871c2a-abd1-45eb-b03a-65e51a26fd84,http://data.europa.eu/esco/occupation/84871c2a-abd1-45eb-b03a-65e51a26fd84,business_performance_goal_management,,,Portfolio Insights Consultant,compare future market options while also solving defined commercial questions,market research | customer segmentation | scenario comparison | business case development | recommendation writing,"Compared emerging demand patterns and capability constraints for two market options, then used customer and margin evidence to resolve a near-term retention question. The work produced both a multi-year option note and a tightly scoped action case.",cost analyst,Business Performance & Goal Management,supporting,0,,,annotator_813,2026/8/18
C011,business_performance_goal_management::http://data.europa.eu/esco/occupation/8d586ee9-0ab1-4155-a3b0-2ca786c8e48c,http://data.europa.eu/esco/occupation/8d586ee9-0ab1-4155-a3b0-2ca786c8e48c,business_performance_goal_management,,,Portfolio Insights Consultant,compare future market options while also solving defined commercial questions,market research | customer segmentation | scenario comparison | business case development | recommendation writing,"Compared emerging demand patterns and capability constraints for two market options, then used customer and margin evidence to resolve a near-term retention question. The work produced both a multi-year option note and a tightly scoped action case.",financial analyst,Business Performance & Goal Management,supporting,1,,moderate,annotator_813,2026/8/18
C011,business_performance_goal_management::http://data.europa.eu/esco/occupation/d3edb8f8-3a06-47a0-8fb9-9b212c006aa2,http://data.europa.eu/esco/occupation/d3edb8f8-3a06-47a0-8fb9-9b212c006aa2,business_performance_goal_management,,,Portfolio Insights Consultant,compare future market options while also solving defined commercial questions,market research | customer segmentation | scenario comparison | business case development | recommendation writing,"Compared emerging demand patterns and capability constraints for two market options, then used customer and margin evidence to resolve a near-term retention question. The work produced both a multi-year option note and a tightly scoped action case.",data analyst,Business Performance & Goal Management,overlap,1,customer and margin evidence; no data-processing methods,weak,annotator_813,2026/8/18
C011,business_strategy_focused_analysis::http://data.europa.eu/esco/occupation/50760da6-abc3-424c-b159-8ddf0818e016,http://data.europa.eu/esco/occupation/50760da6-abc3-424c-b159-8ddf0818e016,business_strategy_focused_analysis,,,Portfolio Insights Consultant,compare future market options while also solving defined commercial questions,market research | customer segmentation | scenario comparison | business case development | recommendation writing,"Compared emerging demand patterns and capability constraints for two market options, then used customer and margin evidence to resolve a near-term retention question. The work produced both a multi-year option note and a tightly scoped action case.",business valuer,Business Strategy & Focused Analysis,supporting,1,business-case evidence; no valuation methods,moderate,annotator_813,2026/8/18
C011,business_strategy_focused_analysis::http://data.europa.eu/esco/occupation/60082a99-d8ef-4e84-9290-78902681b6ed,http://data.europa.eu/esco/occupation/60082a99-d8ef-4e84-9290-78902681b6ed,business_strategy_focused_analysis,,,Portfolio Insights Consultant,compare future market options while also solving defined commercial questions,market research | customer segmentation | scenario comparison | business case development | recommendation writing,"Compared emerging demand patterns and capability constraints for two market options, then used customer and margin evidence to resolve a near-term retention question. The work produced both a multi-year option note and a tightly scoped action case.",business analyst,Business Strategy & Focused Analysis,core,2,,,annotator_813,2026/8/18
C011,business_strategy_focused_analysis::http://data.europa.eu/esco/occupation/66fb9704-0d56-4673-8e69-7823816b73e1,http://data.europa.eu/esco/occupation/66fb9704-0d56-4673-8e69-7823816b73e1,business_strategy_focused_analysis,,,Portfolio Insights Consultant,compare future market options while also solving defined commercial questions,market research | customer segmentation | scenario comparison | business case development | recommendation writing,"Compared emerging demand patterns and capability constraints for two market options, then used customer and margin evidence to resolve a near-term retention question. The work produced both a multi-year option note and a tightly scoped action case.",market research analyst,Business Strategy & Focused Analysis,overlap,2,,,annotator_813,2026/8/18
C011,business_strategy_focused_analysis::http://data.europa.eu/esco/occupation/6a29d804-f775-446c-bec7-35fc4e28ac97,http://data.europa.eu/esco/occupation/6a29d804-f775-446c-bec7-35fc4e28ac97,business_strategy_focused_analysis,,,Portfolio Insights Consultant,compare future market options while also solving defined commercial questions,market research | customer segmentation | scenario comparison | business case development | recommendation writing,"Compared emerging demand patterns and capability constraints for two market options, then used customer and margin evidence to resolve a near-term retention question. The work produced both a multi-year option note and a tightly scoped action case.",business consultant,Business Strategy & Focused Analysis,core,2,,,annotator_813,2026/8/18
C011,business_strategy_focused_analysis::http://data.europa.eu/esco/occupation/e16c2422-1323-4d8a-bd0f-c7584de70be1,http://data.europa.eu/esco/occupation/e16c2422-1323-4d8a-bd0f-c7584de70be1,business_strategy_focused_analysis,,,Portfolio Insights Consultant,compare future market options while also solving defined commercial questions,market research | customer segmentation | scenario comparison | business case development | recommendation writing,"Compared emerging demand patterns and capability constraints for two market options, then used customer and margin evidence to resolve a near-term retention question. The work produced both a multi-year option note and a tightly scoped action case.",pricing specialist,Business Strategy & Focused Analysis,supporting,1,customer and margin analysis; no pricing evidence,moderate,annotator_813,2026/8/18
C011,data_analytics::http://data.europa.eu/esco/occupation/ac8b3cd1-a127-4e6a-8208-5cfcf7111955,http://data.europa.eu/esco/occupation/ac8b3cd1-a127-4e6a-8208-5cfcf7111955,data_analytics,,,Portfolio Insights Consultant,compare future market options while also solving defined commercial questions,market research | customer segmentation | scenario comparison | business case development | recommendation writing,"Compared emerging demand patterns and capability constraints for two market options, then used customer and margin evidence to resolve a near-term retention question. The work produced both a multi-year option note and a tightly scoped action case.",statistician,Data Analytics,overlap,0,,,annotator_813,2026/8/18
C011,data_analytics::http://data.europa.eu/esco/occupation/d3edb8f8-3a06-47a0-8fb9-9b212c006aa2,http://data.europa.eu/esco/occupation/d3edb8f8-3a06-47a0-8fb9-9b212c006aa2,data_analytics,,,Portfolio Insights Consultant,compare future market options while also solving defined commercial questions,market research | customer segmentation | scenario comparison | business case development | recommendation writing,"Compared emerging demand patterns and capability constraints for two market options, then used customer and margin evidence to resolve a near-term retention question. The work produced both a multi-year option note and a tightly scoped action case.",data analyst,Data Analytics,core,1,,moderate,annotator_813,2026/8/18
C011,data_science::http://data.europa.eu/esco/occupation/258e46f9-0075-4a2e-adae-1ff0477e0f30,http://data.europa.eu/esco/occupation/258e46f9-0075-4a2e-adae-1ff0477e0f30,data_science,,,Portfolio Insights Consultant,compare future market options while also solving defined commercial questions,market research | customer segmentation | scenario comparison | business case development | recommendation writing,"Compared emerging demand patterns and capability constraints for two market options, then used customer and margin evidence to resolve a near-term retention question. The work produced both a multi-year option note and a tightly scoped action case.",data scientist,Data Science,core,0,,,annotator_813,2026/8/18
C011,data_science::http://data.europa.eu/esco/occupation/35553663-deab-4d9a-bf22-15c1625d28e8,http://data.europa.eu/esco/occupation/35553663-deab-4d9a-bf22-15c1625d28e8,data_science,,,Portfolio Insights Consultant,compare future market options while also solving defined commercial questions,market research | customer segmentation | scenario comparison | business case development | recommendation writing,"Compared emerging demand patterns and capability constraints for two market options, then used customer and margin evidence to resolve a near-term retention question. The work produced both a multi-year option note and a tightly scoped action case.",artificial intelligence engineer,Data Science,supporting,0,,,annotator_813,2026/8/18
C011,data_science::http://data.europa.eu/esco/occupation/ac8b3cd1-a127-4e6a-8208-5cfcf7111955,http://data.europa.eu/esco/occupation/ac8b3cd1-a127-4e6a-8208-5cfcf7111955,data_science,,,Portfolio Insights Consultant,compare future market options while also solving defined commercial questions,market research | customer segmentation | scenario comparison | business case development | recommendation writing,"Compared emerging demand patterns and capability constraints for two market options, then used customer and margin evidence to resolve a near-term retention question. The work produced both a multi-year option note and a tightly scoped action case.",statistician,Data Science,overlap,0,,,annotator_813,2026/8/18
C011,strategic_analysis::http://data.europa.eu/esco/occupation/4f49df98-98b8-4a9e-98ad-9c5557817eba,http://data.europa.eu/esco/occupation/4f49df98-98b8-4a9e-98ad-9c5557817eba,strategic_analysis,,,Portfolio Insights Consultant,compare future market options while also solving defined commercial questions,market research | customer segmentation | scenario comparison | business case development | recommendation writing,"Compared emerging demand patterns and capability constraints for two market options, then used customer and margin evidence to resolve a near-term retention question. The work produced both a multi-year option note and a tightly scoped action case.",strategic planning manager,Strategic Analysis,supporting,1,multi-year option analysis; no strategy ownership,strong,annotator_813,2026/8/18
C011,strategic_analysis::http://data.europa.eu/esco/occupation/56afc09a-75a0-49c7-a5cb-256df45d8f2d,http://data.europa.eu/esco/occupation/56afc09a-75a0-49c7-a5cb-256df45d8f2d,strategic_analysis,,,Portfolio Insights Consultant,compare future market options while also solving defined commercial questions,market research | customer segmentation | scenario comparison | business case development | recommendation writing,"Compared emerging demand patterns and capability constraints for two market options, then used customer and margin evidence to resolve a near-term retention question. The work produced both a multi-year option note and a tightly scoped action case.",economic adviser,Strategic Analysis,supporting,1,market analysis; no economic advisory evidence,moderate,annotator_813,2026/8/18
C011,strategic_analysis::http://data.europa.eu/esco/occupation/66fb9704-0d56-4673-8e69-7823816b73e1,http://data.europa.eu/esco/occupation/66fb9704-0d56-4673-8e69-7823816b73e1,strategic_analysis,,,Portfolio Insights Consultant,compare future market options while also solving defined commercial questions,market research | customer segmentation | scenario comparison | business case development | recommendation writing,"Compared emerging demand patterns and capability constraints for two market options, then used customer and margin evidence to resolve a near-term retention question. The work produced both a multi-year option note and a tightly scoped action case.",market research analyst,Strategic Analysis,overlap,2,,,annotator_813,2026/8/18
C011,strategic_analysis::http://data.europa.eu/esco/occupation/99492920-e5a5-4dba-9e5a-93193147198c,http://data.europa.eu/esco/occupation/99492920-e5a5-4dba-9e5a-93193147198c,strategic_analysis,,,Portfolio Insights Consultant,compare future market options while also solving defined commercial questions,market research | customer segmentation | scenario comparison | business case development | recommendation writing,"Compared emerging demand patterns and capability constraints for two market options, then used customer and margin evidence to resolve a near-term retention question. The work produced both a multi-year option note and a tightly scoped action case.",economist,Strategic Analysis,supporting,0,,,annotator_813,2026/8/18
C013,business_performance_goal_management::http://data.europa.eu/esco/occupation/4e4a291d-1d38-4c5a-812a-5827d0691b11,http://data.europa.eu/esco/occupation/4e4a291d-1d38-4c5a-812a-5827d0691b11,business_performance_goal_management,,,Performance Planning Analyst,"link goals, forecasts and operating reviews",KPI design | forecasting | variance analysis | business reviews | Excel,"Redesigned the monthly scorecard, clarified metric owners, and used forecast-to-actual gaps to trigger corrective discussions with regional teams.",budget analyst,Business Performance & Goal Management,supporting,2,,strong,annotator_813,2026/8/18
C013,business_performance_goal_management::http://data.europa.eu/esco/occupation/84871c2a-abd1-45eb-b03a-65e51a26fd84,http://data.europa.eu/esco/occupation/84871c2a-abd1-45eb-b03a-65e51a26fd84,business_performance_goal_management,,,Performance Planning Analyst,"link goals, forecasts and operating reviews",KPI design | forecasting | variance analysis | business reviews | Excel,"Redesigned the monthly scorecard, clarified metric owners, and used forecast-to-actual gaps to trigger corrective discussions with regional teams.",cost analyst,Business Performance & Goal Management,supporting,1,,strong,annotator_813,2026/8/18
C013,business_performance_goal_management::http://data.europa.eu/esco/occupation/8d586ee9-0ab1-4155-a3b0-2ca786c8e48c,http://data.europa.eu/esco/occupation/8d586ee9-0ab1-4155-a3b0-2ca786c8e48c,business_performance_goal_management,,,Performance Planning Analyst,"link goals, forecasts and operating reviews",KPI design | forecasting | variance analysis | business reviews | Excel,"Redesigned the monthly scorecard, clarified metric owners, and used forecast-to-actual gaps to trigger corrective discussions with regional teams.",financial analyst,Business Performance & Goal Management,supporting,1,,strong,annotator_813,2026/8/18
C013,business_performance_goal_management::http://data.europa.eu/esco/occupation/d3edb8f8-3a06-47a0-8fb9-9b212c006aa2,http://data.europa.eu/esco/occupation/d3edb8f8-3a06-47a0-8fb9-9b212c006aa2,business_performance_goal_management,,,Performance Planning Analyst,"link goals, forecasts and operating reviews",KPI design | forecasting | variance analysis | business reviews | Excel,"Redesigned the monthly scorecard, clarified metric owners, and used forecast-to-actual gaps to trigger corrective discussions with regional teams.",data analyst,Business Performance & Goal Management,overlap,2,,,annotator_813,2026/8/18
C013,business_strategy_focused_analysis::http://data.europa.eu/esco/occupation/50760da6-abc3-424c-b159-8ddf0818e016,http://data.europa.eu/esco/occupation/50760da6-abc3-424c-b159-8ddf0818e016,business_strategy_focused_analysis,,,Performance Planning Analyst,"link goals, forecasts and operating reviews",KPI design | forecasting | variance analysis | business reviews | Excel,"Redesigned the monthly scorecard, clarified metric owners, and used forecast-to-actual gaps to trigger corrective discussions with regional teams.",business valuer,Business Strategy & Focused Analysis,supporting,1,,moderate,annotator_813,2026/8/18
C013,business_strategy_focused_analysis::http://data.europa.eu/esco/occupation/60082a99-d8ef-4e84-9290-78902681b6ed,http://data.europa.eu/esco/occupation/60082a99-d8ef-4e84-9290-78902681b6ed,business_strategy_focused_analysis,,,Performance Planning Analyst,"link goals, forecasts and operating reviews",KPI design | forecasting | variance analysis | business reviews | Excel,"Redesigned the monthly scorecard, clarified metric owners, and used forecast-to-actual gaps to trigger corrective discussions with regional teams.",business analyst,Business Strategy & Focused Analysis,core,2,,,annotator_813,2026/8/18
C013,business_strategy_focused_analysis::http://data.europa.eu/esco/occupation/66fb9704-0d56-4673-8e69-7823816b73e1,http://data.europa.eu/esco/occupation/66fb9704-0d56-4673-8e69-7823816b73e1,business_strategy_focused_analysis,,,Performance Planning Analyst,"link goals, forecasts and operating reviews",KPI design | forecasting | variance analysis | business reviews | Excel,"Redesigned the monthly scorecard, clarified metric owners, and used forecast-to-actual gaps to trigger corrective discussions with regional teams.",market research analyst,Business Strategy & Focused Analysis,overlap,1,,weak,annotator_813,2026/8/18
C013,business_strategy_focused_analysis::http://data.europa.eu/esco/occupation/6a29d804-f775-446c-bec7-35fc4e28ac97,http://data.europa.eu/esco/occupation/6a29d804-f775-446c-bec7-35fc4e28ac97,business_strategy_focused_analysis,,,Performance Planning Analyst,"link goals, forecasts and operating reviews",KPI design | forecasting | variance analysis | business reviews | Excel,"Redesigned the monthly scorecard, clarified metric owners, and used forecast-to-actual gaps to trigger corrective discussions with regional teams.",business consultant,Business Strategy & Focused Analysis,core,1,,weak,annotator_813,2026/8/18
C013,business_strategy_focused_analysis::http://data.europa.eu/esco/occupation/e16c2422-1323-4d8a-bd0f-c7584de70be1,http://data.europa.eu/esco/occupation/e16c2422-1323-4d8a-bd0f-c7584de70be1,business_strategy_focused_analysis,,,Performance Planning Analyst,"link goals, forecasts and operating reviews",KPI design | forecasting | variance analysis | business reviews | Excel,"Redesigned the monthly scorecard, clarified metric owners, and used forecast-to-actual gaps to trigger corrective discussions with regional teams.",pricing specialist,Business Strategy & Focused Analysis,supporting,1,,weak,annotator_813,2026/8/18
C013,data_analytics::http://data.europa.eu/esco/occupation/ac8b3cd1-a127-4e6a-8208-5cfcf7111955,http://data.europa.eu/esco/occupation/ac8b3cd1-a127-4e6a-8208-5cfcf7111955,data_analytics,,,Performance Planning Analyst,"link goals, forecasts and operating reviews",KPI design | forecasting | variance analysis | business reviews | Excel,"Redesigned the monthly scorecard, clarified metric owners, and used forecast-to-actual gaps to trigger corrective discussions with regional teams.",statistician,Data Analytics,overlap,2,,,annotator_813,2026/8/18
C013,data_analytics::http://data.europa.eu/esco/occupation/d3edb8f8-3a06-47a0-8fb9-9b212c006aa2,http://data.europa.eu/esco/occupation/d3edb8f8-3a06-47a0-8fb9-9b212c006aa2,data_analytics,,,Performance Planning Analyst,"link goals, forecasts and operating reviews",KPI design | forecasting | variance analysis | business reviews | Excel,"Redesigned the monthly scorecard, clarified metric owners, and used forecast-to-actual gaps to trigger corrective discussions with regional teams.",data analyst,Data Analytics,core,1,,moderate,annotator_813,2026/8/18
C013,data_science::http://data.europa.eu/esco/occupation/258e46f9-0075-4a2e-adae-1ff0477e0f30,http://data.europa.eu/esco/occupation/258e46f9-0075-4a2e-adae-1ff0477e0f30,data_science,,,Performance Planning Analyst,"link goals, forecasts and operating reviews",KPI design | forecasting | variance analysis | business reviews | Excel,"Redesigned the monthly scorecard, clarified metric owners, and used forecast-to-actual gaps to trigger corrective discussions with regional teams.",data scientist,Data Science,core,0,,,annotator_813,2026/8/18
C013,data_science::http://data.europa.eu/esco/occupation/35553663-deab-4d9a-bf22-15c1625d28e8,http://data.europa.eu/esco/occupation/35553663-deab-4d9a-bf22-15c1625d28e8,data_science,,,Performance Planning Analyst,"link goals, forecasts and operating reviews",KPI design | forecasting | variance analysis | business reviews | Excel,"Redesigned the monthly scorecard, clarified metric owners, and used forecast-to-actual gaps to trigger corrective discussions with regional teams.",artificial intelligence engineer,Data Science,supporting,0,,,annotator_813,2026/8/18
C013,data_science::http://data.europa.eu/esco/occupation/ac8b3cd1-a127-4e6a-8208-5cfcf7111955,http://data.europa.eu/esco/occupation/ac8b3cd1-a127-4e6a-8208-5cfcf7111955,data_science,,,Performance Planning Analyst,"link goals, forecasts and operating reviews",KPI design | forecasting | variance analysis | business reviews | Excel,"Redesigned the monthly scorecard, clarified metric owners, and used forecast-to-actual gaps to trigger corrective discussions with regional teams.",statistician,Data Science,overlap,0,,,annotator_813,2026/8/18
C013,strategic_analysis::http://data.europa.eu/esco/occupation/4f49df98-98b8-4a9e-98ad-9c5557817eba,http://data.europa.eu/esco/occupation/4f49df98-98b8-4a9e-98ad-9c5557817eba,strategic_analysis,,,Performance Planning Analyst,"link goals, forecasts and operating reviews",KPI design | forecasting | variance analysis | business reviews | Excel,"Redesigned the monthly scorecard, clarified metric owners, and used forecast-to-actual gaps to trigger corrective discussions with regional teams.",strategic planning manager,Strategic Analysis,supporting,0,,,annotator_813,2026/8/18
C013,strategic_analysis::http://data.europa.eu/esco/occupation/56afc09a-75a0-49c7-a5cb-256df45d8f2d,http://data.europa.eu/esco/occupation/56afc09a-75a0-49c7-a5cb-256df45d8f2d,strategic_analysis,,,Performance Planning Analyst,"link goals, forecasts and operating reviews",KPI design | forecasting | variance analysis | business reviews | Excel,"Redesigned the monthly scorecard, clarified metric owners, and used forecast-to-actual gaps to trigger corrective discussions with regional teams.",economic adviser,Strategic Analysis,supporting,1,,weak,annotator_813,2026/8/18
C013,strategic_analysis::http://data.europa.eu/esco/occupation/66fb9704-0d56-4673-8e69-7823816b73e1,http://data.europa.eu/esco/occupation/66fb9704-0d56-4673-8e69-7823816b73e1,strategic_analysis,,,Performance Planning Analyst,"link goals, forecasts and operating reviews",KPI design | forecasting | variance analysis | business reviews | Excel,"Redesigned the monthly scorecard, clarified metric owners, and used forecast-to-actual gaps to trigger corrective discussions with regional teams.",market research analyst,Strategic Analysis,overlap,1,,moderate,annotator_813,2026/8/18
C013,strategic_analysis::http://data.europa.eu/esco/occupation/99492920-e5a5-4dba-9e5a-93193147198c,http://data.europa.eu/esco/occupation/99492920-e5a5-4dba-9e5a-93193147198c,strategic_analysis,,,Performance Planning Analyst,"link goals, forecasts and operating reviews",KPI design | forecasting | variance analysis | business reviews | Excel,"Redesigned the monthly scorecard, clarified metric owners, and used forecast-to-actual gaps to trigger corrective discussions with regional teams.",economist,Strategic Analysis,supporting,0,,,annotator_813,2026/8/18
C014,business_performance_goal_management::http://data.europa.eu/esco/occupation/4e4a291d-1d38-4c5a-812a-5827d0691b11,http://data.europa.eu/esco/occupation/4e4a291d-1d38-4c5a-812a-5827d0691b11,business_performance_goal_management,,,Revenue Operations Analyst,improve commercial performance routines | diagnose business questions,funnel analysis | target tracking | SQL | stakeholder management | commercial analysis,"Built a weekly funnel review and traced missed targets to conversion changes in two customer cohorts, leading sales and marketing to test different follow-up actions.",budget analyst,Business Performance & Goal Management,supporting,0,,,annotator_813,2026/8/18
C014,business_performance_goal_management::http://data.europa.eu/esco/occupation/84871c2a-abd1-45eb-b03a-65e51a26fd84,http://data.europa.eu/esco/occupation/84871c2a-abd1-45eb-b03a-65e51a26fd84,business_performance_goal_management,,,Revenue Operations Analyst,improve commercial performance routines | diagnose business questions,funnel analysis | target tracking | SQL | stakeholder management | commercial analysis,"Built a weekly funnel review and traced missed targets to conversion changes in two customer cohorts, leading sales and marketing to test different follow-up actions.",cost analyst,Business Performance & Goal Management,supporting,2,,,annotator_813,2026/8/18
C014,business_performance_goal_management::http://data.europa.eu/esco/occupation/8d586ee9-0ab1-4155-a3b0-2ca786c8e48c,http://data.europa.eu/esco/occupation/8d586ee9-0ab1-4155-a3b0-2ca786c8e48c,business_performance_goal_management,,,Revenue Operations Analyst,improve commercial performance routines | diagnose business questions,funnel analysis | target tracking | SQL | stakeholder management | commercial analysis,"Built a weekly funnel review and traced missed targets to conversion changes in two customer cohorts, leading sales and marketing to test different follow-up actions.",financial analyst,Business Performance & Goal Management,supporting,2,,,annotator_813,2026/8/18
C014,business_performance_goal_management::http://data.europa.eu/esco/occupation/d3edb8f8-3a06-47a0-8fb9-9b212c006aa2,http://data.europa.eu/esco/occupation/d3edb8f8-3a06-47a0-8fb9-9b212c006aa2,business_performance_goal_management,,,Revenue Operations Analyst,improve commercial performance routines | diagnose business questions,funnel analysis | target tracking | SQL | stakeholder management | commercial analysis,"Built a weekly funnel review and traced missed targets to conversion changes in two customer cohorts, leading sales and marketing to test different follow-up actions.",data analyst,Business Performance & Goal Management,overlap,2,,,annotator_813,2026/8/18
C014,business_strategy_focused_analysis::http://data.europa.eu/esco/occupation/50760da6-abc3-424c-b159-8ddf0818e016,http://data.europa.eu/esco/occupation/50760da6-abc3-424c-b159-8ddf0818e016,business_strategy_focused_analysis,,,Revenue Operations Analyst,improve commercial performance routines | diagnose business questions,funnel analysis | target tracking | SQL | stakeholder management | commercial analysis,"Built a weekly funnel review and traced missed targets to conversion changes in two customer cohorts, leading sales and marketing to test different follow-up actions.",business valuer,Business Strategy & Focused Analysis,supporting,0,,,annotator_813,2026/8/18
C014,business_strategy_focused_analysis::http://data.europa.eu/esco/occupation/60082a99-d8ef-4e84-9290-78902681b6ed,http://data.europa.eu/esco/occupation/60082a99-d8ef-4e84-9290-78902681b6ed,business_strategy_focused_analysis,,,Revenue Operations Analyst,improve commercial performance routines | diagnose business questions,funnel analysis | target tracking | SQL | stakeholder management | commercial analysis,"Built a weekly funnel review and traced missed targets to conversion changes in two customer cohorts, leading sales and marketing to test different follow-up actions.",business analyst,Business Strategy & Focused Analysis,core,1,,moderate,annotator_813,2026/8/18
C014,business_strategy_focused_analysis::http://data.europa.eu/esco/occupation/66fb9704-0d56-4673-8e69-7823816b73e1,http://data.europa.eu/esco/occupation/66fb9704-0d56-4673-8e69-7823816b73e1,business_strategy_focused_analysis,,,Revenue Operations Analyst,improve commercial performance routines | diagnose business questions,funnel analysis | target tracking | SQL | stakeholder management | commercial analysis,"Built a weekly funnel review and traced missed targets to conversion changes in two customer cohorts, leading sales and marketing to test different follow-up actions.",market research analyst,Business Strategy & Focused Analysis,overlap,2,,,annotator_813,2026/8/18
C014,business_strategy_focused_analysis::http://data.europa.eu/esco/occupation/6a29d804-f775-446c-bec7-35fc4e28ac97,http://data.europa.eu/esco/occupation/6a29d804-f775-446c-bec7-35fc4e28ac97,business_strategy_focused_analysis,,,Revenue Operations Analyst,improve commercial performance routines | diagnose business questions,funnel analysis | target tracking | SQL | stakeholder management | commercial analysis,"Built a weekly funnel review and traced missed targets to conversion changes in two customer cohorts, leading sales and marketing to test different follow-up actions.",business consultant,Business Strategy & Focused Analysis,core,2,,,annotator_813,2026/8/18
C014,business_strategy_focused_analysis::http://data.europa.eu/esco/occupation/e16c2422-1323-4d8a-bd0f-c7584de70be1,http://data.europa.eu/esco/occupation/e16c2422-1323-4d8a-bd0f-c7584de70be1,business_strategy_focused_analysis,,,Revenue Operations Analyst,improve commercial performance routines | diagnose business questions,funnel analysis | target tracking | SQL | stakeholder management | commercial analysis,"Built a weekly funnel review and traced missed targets to conversion changes in two customer cohorts, leading sales and marketing to test different follow-up actions.",pricing specialist,Business Strategy & Focused Analysis,supporting,1,,moderate,annotator_813,2026/8/18
C014,data_analytics::http://data.europa.eu/esco/occupation/ac8b3cd1-a127-4e6a-8208-5cfcf7111955,http://data.europa.eu/esco/occupation/ac8b3cd1-a127-4e6a-8208-5cfcf7111955,data_analytics,,,Revenue Operations Analyst,improve commercial performance routines | diagnose business questions,funnel analysis | target tracking | SQL | stakeholder management | commercial analysis,"Built a weekly funnel review and traced missed targets to conversion changes in two customer cohorts, leading sales and marketing to test different follow-up actions.",statistician,Data Analytics,overlap,1,,weak,annotator_813,2026/8/18
C014,data_analytics::http://data.europa.eu/esco/occupation/d3edb8f8-3a06-47a0-8fb9-9b212c006aa2,http://data.europa.eu/esco/occupation/d3edb8f8-3a06-47a0-8fb9-9b212c006aa2,data_analytics,,,Revenue Operations Analyst,improve commercial performance routines | diagnose business questions,funnel analysis | target tracking | SQL | stakeholder management | commercial analysis,"Built a weekly funnel review and traced missed targets to conversion changes in two customer cohorts, leading sales and marketing to test different follow-up actions.",data analyst,Data Analytics,core,2,,,annotator_813,2026/8/18
C014,data_science::http://data.europa.eu/esco/occupation/258e46f9-0075-4a2e-adae-1ff0477e0f30,http://data.europa.eu/esco/occupation/258e46f9-0075-4a2e-adae-1ff0477e0f30,data_science,,,Revenue Operations Analyst,improve commercial performance routines | diagnose business questions,funnel analysis | target tracking | SQL | stakeholder management | commercial analysis,"Built a weekly funnel review and traced missed targets to conversion changes in two customer cohorts, leading sales and marketing to test different follow-up actions.",data scientist,Data Science,core,0,,,annotator_813,2026/8/18
C014,data_science::http://data.europa.eu/esco/occupation/35553663-deab-4d9a-bf22-15c1625d28e8,http://data.europa.eu/esco/occupation/35553663-deab-4d9a-bf22-15c1625d28e8,data_science,,,Revenue Operations Analyst,improve commercial performance routines | diagnose business questions,funnel analysis | target tracking | SQL | stakeholder management | commercial analysis,"Built a weekly funnel review and traced missed targets to conversion changes in two customer cohorts, leading sales and marketing to test different follow-up actions.",artificial intelligence engineer,Data Science,supporting,0,,,annotator_813,2026/8/18
C014,data_science::http://data.europa.eu/esco/occupation/ac8b3cd1-a127-4e6a-8208-5cfcf7111955,http://data.europa.eu/esco/occupation/ac8b3cd1-a127-4e6a-8208-5cfcf7111955,data_science,,,Revenue Operations Analyst,improve commercial performance routines | diagnose business questions,funnel analysis | target tracking | SQL | stakeholder management | commercial analysis,"Built a weekly funnel review and traced missed targets to conversion changes in two customer cohorts, leading sales and marketing to test different follow-up actions.",statistician,Data Science,overlap,0,,,annotator_813,2026/8/18
C014,strategic_analysis::http://data.europa.eu/esco/occupation/4f49df98-98b8-4a9e-98ad-9c5557817eba,http://data.europa.eu/esco/occupation/4f49df98-98b8-4a9e-98ad-9c5557817eba,strategic_analysis,,,Revenue Operations Analyst,improve commercial performance routines | diagnose business questions,funnel analysis | target tracking | SQL | stakeholder management | commercial analysis,"Built a weekly funnel review and traced missed targets to conversion changes in two customer cohorts, leading sales and marketing to test different follow-up actions.",strategic planning manager,Strategic Analysis,supporting,1,,moderate,annotator_813,2026/8/18
C014,strategic_analysis::http://data.europa.eu/esco/occupation/56afc09a-75a0-49c7-a5cb-256df45d8f2d,http://data.europa.eu/esco/occupation/56afc09a-75a0-49c7-a5cb-256df45d8f2d,strategic_analysis,,,Revenue Operations Analyst,improve commercial performance routines | diagnose business questions,funnel analysis | target tracking | SQL | stakeholder management | commercial analysis,"Built a weekly funnel review and traced missed targets to conversion changes in two customer cohorts, leading sales and marketing to test different follow-up actions.",economic adviser,Strategic Analysis,supporting,0,,,annotator_813,2026/8/18
C014,strategic_analysis::http://data.europa.eu/esco/occupation/66fb9704-0d56-4673-8e69-7823816b73e1,http://data.europa.eu/esco/occupation/66fb9704-0d56-4673-8e69-7823816b73e1,strategic_analysis,,,Revenue Operations Analyst,improve commercial performance routines | diagnose business questions,funnel analysis | target tracking | SQL | stakeholder management | commercial analysis,"Built a weekly funnel review and traced missed targets to conversion changes in two customer cohorts, leading sales and marketing to test different follow-up actions.",market research analyst,Strategic Analysis,overlap,1,,weak,annotator_813,2026/8/18
C014,strategic_analysis::http://data.europa.eu/esco/occupation/99492920-e5a5-4dba-9e5a-93193147198c,http://data.europa.eu/esco/occupation/99492920-e5a5-4dba-9e5a-93193147198c,strategic_analysis,,,Revenue Operations Analyst,improve commercial performance routines | diagnose business questions,funnel analysis | target tracking | SQL | stakeholder management | commercial analysis,"Built a weekly funnel review and traced missed targets to conversion changes in two customer cohorts, leading sales and marketing to test different follow-up actions.",economist,Strategic Analysis,supporting,0,,,annotator_813,2026/8/18
C015,business_performance_goal_management::http://data.europa.eu/esco/occupation/4e4a291d-1d38-4c5a-812a-5827d0691b11,http://data.europa.eu/esco/occupation/4e4a291d-1d38-4c5a-812a-5827d0691b11,business_performance_goal_management,,,Reporting Analyst,own planning and performance cycles,management reporting | dashboarding | metric definitions | SQL | facilitation,"Automated recurring revenue reports and began facilitating metric-definition workshops, but has only assisted with target setting and forecast assumptions.",budget analyst,Business Performance & Goal Management,supporting,2,,moderate,annotator_813,2026/8/18
C015,business_performance_goal_management::http://data.europa.eu/esco/occupation/84871c2a-abd1-45eb-b03a-65e51a26fd84,http://data.europa.eu/esco/occupation/84871c2a-abd1-45eb-b03a-65e51a26fd84,business_performance_goal_management,,,Reporting Analyst,own planning and performance cycles,management reporting | dashboarding | metric definitions | SQL | facilitation,"Automated recurring revenue reports and began facilitating metric-definition workshops, but has only assisted with target setting and forecast assumptions.",cost analyst,Business Performance & Goal Management,supporting,2,,moderate,annotator_813,2026/8/18
C015,business_performance_goal_management::http://data.europa.eu/esco/occupation/8d586ee9-0ab1-4155-a3b0-2ca786c8e48c,http://data.europa.eu/esco/occupation/8d586ee9-0ab1-4155-a3b0-2ca786c8e48c,business_performance_goal_management,,,Reporting Analyst,own planning and performance cycles,management reporting | dashboarding | metric definitions | SQL | facilitation,"Automated recurring revenue reports and began facilitating metric-definition workshops, but has only assisted with target setting and forecast assumptions.",financial analyst,Business Performance & Goal Management,supporting,0,,,annotator_813,2026/8/18
C015,business_performance_goal_management::http://data.europa.eu/esco/occupation/d3edb8f8-3a06-47a0-8fb9-9b212c006aa2,http://data.europa.eu/esco/occupation/d3edb8f8-3a06-47a0-8fb9-9b212c006aa2,business_performance_goal_management,,,Reporting Analyst,own planning and performance cycles,management reporting | dashboarding | metric definitions | SQL | facilitation,"Automated recurring revenue reports and began facilitating metric-definition workshops, but has only assisted with target setting and forecast assumptions.",data analyst,Business Performance & Goal Management,overlap,1,,weak,annotator_813,2026/8/18
C015,business_strategy_focused_analysis::http://data.europa.eu/esco/occupation/50760da6-abc3-424c-b159-8ddf0818e016,http://data.europa.eu/esco/occupation/50760da6-abc3-424c-b159-8ddf0818e016,business_strategy_focused_analysis,,,Reporting Analyst,own planning and performance cycles,management reporting | dashboarding | metric definitions | SQL | facilitation,"Automated recurring revenue reports and began facilitating metric-definition workshops, but has only assisted with target setting and forecast assumptions.",business valuer,Business Strategy & Focused Analysis,supporting,0,,,annotator_813,2026/8/18
C015,business_strategy_focused_analysis::http://data.europa.eu/esco/occupation/60082a99-d8ef-4e84-9290-78902681b6ed,http://data.europa.eu/esco/occupation/60082a99-d8ef-4e84-9290-78902681b6ed,business_strategy_focused_analysis,,,Reporting Analyst,own planning and performance cycles,management reporting | dashboarding | metric definitions | SQL | facilitation,"Automated recurring revenue reports and began facilitating metric-definition workshops, but has only assisted with target setting and forecast assumptions.",business analyst,Business Strategy & Focused Analysis,core,0,,,annotator_813,2026/8/18
C015,business_strategy_focused_analysis::http://data.europa.eu/esco/occupation/66fb9704-0d56-4673-8e69-7823816b73e1,http://data.europa.eu/esco/occupation/66fb9704-0d56-4673-8e69-7823816b73e1,business_strategy_focused_analysis,,,Reporting Analyst,own planning and performance cycles,management reporting | dashboarding | metric definitions | SQL | facilitation,"Automated recurring revenue reports and began facilitating metric-definition workshops, but has only assisted with target setting and forecast assumptions.",market research analyst,Business Strategy & Focused Analysis,overlap,0,,,annotator_813,2026/8/18
C015,business_strategy_focused_analysis::http://data.europa.eu/esco/occupation/6a29d804-f775-446c-bec7-35fc4e28ac97,http://data.europa.eu/esco/occupation/6a29d804-f775-446c-bec7-35fc4e28ac97,business_strategy_focused_analysis,,,Reporting Analyst,own planning and performance cycles,management reporting | dashboarding | metric definitions | SQL | facilitation,"Automated recurring revenue reports and began facilitating metric-definition workshops, but has only assisted with target setting and forecast assumptions.",business consultant,Business Strategy & Focused Analysis,core,0,,,annotator_813,2026/8/18
C015,business_strategy_focused_analysis::http://data.europa.eu/esco/occupation/e16c2422-1323-4d8a-bd0f-c7584de70be1,http://data.europa.eu/esco/occupation/e16c2422-1323-4d8a-bd0f-c7584de70be1,business_strategy_focused_analysis,,,Reporting Analyst,own planning and performance cycles,management reporting | dashboarding | metric definitions | SQL | facilitation,"Automated recurring revenue reports and began facilitating metric-definition workshops, but has only assisted with target setting and forecast assumptions.",pricing specialist,Business Strategy & Focused Analysis,supporting,1,,weak,annotator_813,2026/8/18
C015,data_analytics::http://data.europa.eu/esco/occupation/ac8b3cd1-a127-4e6a-8208-5cfcf7111955,http://data.europa.eu/esco/occupation/ac8b3cd1-a127-4e6a-8208-5cfcf7111955,data_analytics,,,Reporting Analyst,own planning and performance cycles,management reporting | dashboarding | metric definitions | SQL | facilitation,"Automated recurring revenue reports and began facilitating metric-definition workshops, but has only assisted with target setting and forecast assumptions.",statistician,Data Analytics,overlap,0,,,annotator_813,2026/8/18
C015,data_analytics::http://data.europa.eu/esco/occupation/d3edb8f8-3a06-47a0-8fb9-9b212c006aa2,http://data.europa.eu/esco/occupation/d3edb8f8-3a06-47a0-8fb9-9b212c006aa2,data_analytics,,,Reporting Analyst,own planning and performance cycles,management reporting | dashboarding | metric definitions | SQL | facilitation,"Automated recurring revenue reports and began facilitating metric-definition workshops, but has only assisted with target setting and forecast assumptions.",data analyst,Data Analytics,core,1,,weak,annotator_813,2026/8/18
C015,data_science::http://data.europa.eu/esco/occupation/258e46f9-0075-4a2e-adae-1ff0477e0f30,http://data.europa.eu/esco/occupation/258e46f9-0075-4a2e-adae-1ff0477e0f30,data_science,,,Reporting Analyst,own planning and performance cycles,management reporting | dashboarding | metric definitions | SQL | facilitation,"Automated recurring revenue reports and began facilitating metric-definition workshops, but has only assisted with target setting and forecast assumptions.",data scientist,Data Science,core,0,,,annotator_813,2026/8/18
C015,data_science::http://data.europa.eu/esco/occupation/35553663-deab-4d9a-bf22-15c1625d28e8,http://data.europa.eu/esco/occupation/35553663-deab-4d9a-bf22-15c1625d28e8,data_science,,,Reporting Analyst,own planning and performance cycles,management reporting | dashboarding | metric definitions | SQL | facilitation,"Automated recurring revenue reports and began facilitating metric-definition workshops, but has only assisted with target setting and forecast assumptions.",artificial intelligence engineer,Data Science,supporting,0,,,annotator_813,2026/8/18
C015,data_science::http://data.europa.eu/esco/occupation/ac8b3cd1-a127-4e6a-8208-5cfcf7111955,http://data.europa.eu/esco/occupation/ac8b3cd1-a127-4e6a-8208-5cfcf7111955,data_science,,,Reporting Analyst,own planning and performance cycles,management reporting | dashboarding | metric definitions | SQL | facilitation,"Automated recurring revenue reports and began facilitating metric-definition workshops, but has only assisted with target setting and forecast assumptions.",statistician,Data Science,overlap,0,,,annotator_813,2026/8/18
C015,strategic_analysis::http://data.europa.eu/esco/occupation/4f49df98-98b8-4a9e-98ad-9c5557817eba,http://data.europa.eu/esco/occupation/4f49df98-98b8-4a9e-98ad-9c5557817eba,strategic_analysis,,,Reporting Analyst,own planning and performance cycles,management reporting | dashboarding | metric definitions | SQL | facilitation,"Automated recurring revenue reports and began facilitating metric-definition workshops, but has only assisted with target setting and forecast assumptions.",strategic planning manager,Strategic Analysis,supporting,0,,,annotator_813,2026/8/18
C015,strategic_analysis::http://data.europa.eu/esco/occupation/56afc09a-75a0-49c7-a5cb-256df45d8f2d,http://data.europa.eu/esco/occupation/56afc09a-75a0-49c7-a5cb-256df45d8f2d,strategic_analysis,,,Reporting Analyst,own planning and performance cycles,management reporting | dashboarding | metric definitions | SQL | facilitation,"Automated recurring revenue reports and began facilitating metric-definition workshops, but has only assisted with target setting and forecast assumptions.",economic adviser,Strategic Analysis,supporting,0,,,annotator_813,2026/8/18
C015,strategic_analysis::http://data.europa.eu/esco/occupation/66fb9704-0d56-4673-8e69-7823816b73e1,http://data.europa.eu/esco/occupation/66fb9704-0d56-4673-8e69-7823816b73e1,strategic_analysis,,,Reporting Analyst,own planning and performance cycles,management reporting | dashboarding | metric definitions | SQL | facilitation,"Automated recurring revenue reports and began facilitating metric-definition workshops, but has only assisted with target setting and forecast assumptions.",market research analyst,Strategic Analysis,overlap,0,,,annotator_813,2026/8/18
C015,strategic_analysis::http://data.europa.eu/esco/occupation/99492920-e5a5-4dba-9e5a-93193147198c,http://data.europa.eu/esco/occupation/99492920-e5a5-4dba-9e5a-93193147198c,strategic_analysis,,,Reporting Analyst,own planning and performance cycles,management reporting | dashboarding | metric definitions | SQL | facilitation,"Automated recurring revenue reports and began facilitating metric-definition workshops, but has only assisted with target setting and forecast assumptions.",economist,Strategic Analysis,supporting,0,,,annotator_813,2026/8/18
C019,business_performance_goal_management::http://data.europa.eu/esco/occupation/4e4a291d-1d38-4c5a-812a-5827d0691b11,http://data.europa.eu/esco/occupation/4e4a291d-1d38-4c5a-812a-5827d0691b11,business_performance_goal_management,,,BI Analyst,take responsibility for targets and operating cadence,dashboard development | metric design | SQL | performance monitoring | stakeholder engagement,"Created trusted dashboards and alert logic for service operations, then partnered with managers to define thresholds and use exceptions in weekly action reviews.",budget analyst,Business Performance & Goal Management,supporting,0,,,annotator_813,2026/8/18
C019,business_performance_goal_management::http://data.europa.eu/esco/occupation/84871c2a-abd1-45eb-b03a-65e51a26fd84,http://data.europa.eu/esco/occupation/84871c2a-abd1-45eb-b03a-65e51a26fd84,business_performance_goal_management,,,BI Analyst,take responsibility for targets and operating cadence,dashboard development | metric design | SQL | performance monitoring | stakeholder engagement,"Created trusted dashboards and alert logic for service operations, then partnered with managers to define thresholds and use exceptions in weekly action reviews.",cost analyst,Business Performance & Goal Management,supporting,0,,,annotator_813,2026/8/18
C019,business_performance_goal_management::http://data.europa.eu/esco/occupation/8d586ee9-0ab1-4155-a3b0-2ca786c8e48c,http://data.europa.eu/esco/occupation/8d586ee9-0ab1-4155-a3b0-2ca786c8e48c,business_performance_goal_management,,,BI Analyst,take responsibility for targets and operating cadence,dashboard development | metric design | SQL | performance monitoring | stakeholder engagement,"Created trusted dashboards and alert logic for service operations, then partnered with managers to define thresholds and use exceptions in weekly action reviews.",financial analyst,Business Performance & Goal Management,supporting,0,,,annotator_813,2026/8/18
C019,business_performance_goal_management::http://data.europa.eu/esco/occupation/d3edb8f8-3a06-47a0-8fb9-9b212c006aa2,http://data.europa.eu/esco/occupation/d3edb8f8-3a06-47a0-8fb9-9b212c006aa2,business_performance_goal_management,,,BI Analyst,take responsibility for targets and operating cadence,dashboard development | metric design | SQL | performance monitoring | stakeholder engagement,"Created trusted dashboards and alert logic for service operations, then partnered with managers to define thresholds and use exceptions in weekly action reviews.",data analyst,Business Performance & Goal Management,overlap,2,,,annotator_813,2026/8/18
C019,business_strategy_focused_analysis::http://data.europa.eu/esco/occupation/50760da6-abc3-424c-b159-8ddf0818e016,http://data.europa.eu/esco/occupation/50760da6-abc3-424c-b159-8ddf0818e016,business_strategy_focused_analysis,,,BI Analyst,take responsibility for targets and operating cadence,dashboard development | metric design | SQL | performance monitoring | stakeholder engagement,"Created trusted dashboards and alert logic for service operations, then partnered with managers to define thresholds and use exceptions in weekly action reviews.",business valuer,Business Strategy & Focused Analysis,supporting,0,,,annotator_813,2026/8/18
C019,business_strategy_focused_analysis::http://data.europa.eu/esco/occupation/60082a99-d8ef-4e84-9290-78902681b6ed,http://data.europa.eu/esco/occupation/60082a99-d8ef-4e84-9290-78902681b6ed,business_strategy_focused_analysis,,,BI Analyst,take responsibility for targets and operating cadence,dashboard development | metric design | SQL | performance monitoring | stakeholder engagement,"Created trusted dashboards and alert logic for service operations, then partnered with managers to define thresholds and use exceptions in weekly action reviews.",business analyst,Business Strategy & Focused Analysis,core,0,,,annotator_813,2026/8/18
C019,business_strategy_focused_analysis::http://data.europa.eu/esco/occupation/66fb9704-0d56-4673-8e69-7823816b73e1,http://data.europa.eu/esco/occupation/66fb9704-0d56-4673-8e69-7823816b73e1,business_strategy_focused_analysis,,,BI Analyst,take responsibility for targets and operating cadence,dashboard development | metric design | SQL | performance monitoring | stakeholder engagement,"Created trusted dashboards and alert logic for service operations, then partnered with managers to define thresholds and use exceptions in weekly action reviews.",market research analyst,Business Strategy & Focused Analysis,overlap,0,,,annotator_813,2026/8/18
C019,business_strategy_focused_analysis::http://data.europa.eu/esco/occupation/6a29d804-f775-446c-bec7-35fc4e28ac97,http://data.europa.eu/esco/occupation/6a29d804-f775-446c-bec7-35fc4e28ac97,business_strategy_focused_analysis,,,BI Analyst,take responsibility for targets and operating cadence,dashboard development | metric design | SQL | performance monitoring | stakeholder engagement,"Created trusted dashboards and alert logic for service operations, then partnered with managers to define thresholds and use exceptions in weekly action reviews.",business consultant,Business Strategy & Focused Analysis,core,0,,,annotator_813,2026/8/18
C019,business_strategy_focused_analysis::http://data.europa.eu/esco/occupation/e16c2422-1323-4d8a-bd0f-c7584de70be1,http://data.europa.eu/esco/occupation/e16c2422-1323-4d8a-bd0f-c7584de70be1,business_strategy_focused_analysis,,,BI Analyst,take responsibility for targets and operating cadence,dashboard development | metric design | SQL | performance monitoring | stakeholder engagement,"Created trusted dashboards and alert logic for service operations, then partnered with managers to define thresholds and use exceptions in weekly action reviews.",pricing specialist,Business Strategy & Focused Analysis,supporting,0,,,annotator_813,2026/8/18
C019,data_analytics::http://data.europa.eu/esco/occupation/ac8b3cd1-a127-4e6a-8208-5cfcf7111955,http://data.europa.eu/esco/occupation/ac8b3cd1-a127-4e6a-8208-5cfcf7111955,data_analytics,,,BI Analyst,take responsibility for targets and operating cadence,dashboard development | metric design | SQL | performance monitoring | stakeholder engagement,"Created trusted dashboards and alert logic for service operations, then partnered with managers to define thresholds and use exceptions in weekly action reviews.",statistician,Data Analytics,overlap,0,,,annotator_813,2026/8/18
C019,data_analytics::http://data.europa.eu/esco/occupation/d3edb8f8-3a06-47a0-8fb9-9b212c006aa2,http://data.europa.eu/esco/occupation/d3edb8f8-3a06-47a0-8fb9-9b212c006aa2,data_analytics,,,BI Analyst,take responsibility for targets and operating cadence,dashboard development | metric design | SQL | performance monitoring | stakeholder engagement,"Created trusted dashboards and alert logic for service operations, then partnered with managers to define thresholds and use exceptions in weekly action reviews.",data analyst,Data Analytics,core,2,,,annotator_813,2026/8/18
C019,data_science::http://data.europa.eu/esco/occupation/258e46f9-0075-4a2e-adae-1ff0477e0f30,http://data.europa.eu/esco/occupation/258e46f9-0075-4a2e-adae-1ff0477e0f30,data_science,,,BI Analyst,take responsibility for targets and operating cadence,dashboard development | metric design | SQL | performance monitoring | stakeholder engagement,"Created trusted dashboards and alert logic for service operations, then partnered with managers to define thresholds and use exceptions in weekly action reviews.",data scientist,Data Science,core,0,,,annotator_813,2026/8/18
C019,data_science::http://data.europa.eu/esco/occupation/35553663-deab-4d9a-bf22-15c1625d28e8,http://data.europa.eu/esco/occupation/35553663-deab-4d9a-bf22-15c1625d28e8,data_science,,,BI Analyst,take responsibility for targets and operating cadence,dashboard development | metric design | SQL | performance monitoring | stakeholder engagement,"Created trusted dashboards and alert logic for service operations, then partnered with managers to define thresholds and use exceptions in weekly action reviews.",artificial intelligence engineer,Data Science,supporting,0,,,annotator_813,2026/8/18
C019,data_science::http://data.europa.eu/esco/occupation/ac8b3cd1-a127-4e6a-8208-5cfcf7111955,http://data.europa.eu/esco/occupation/ac8b3cd1-a127-4e6a-8208-5cfcf7111955,data_science,,,BI Analyst,take responsibility for targets and operating cadence,dashboard development | metric design | SQL | performance monitoring | stakeholder engagement,"Created trusted dashboards and alert logic for service operations, then partnered with managers to define thresholds and use exceptions in weekly action reviews.",statistician,Data Science,overlap,0,,,annotator_813,2026/8/18
C019,strategic_analysis::http://data.europa.eu/esco/occupation/4f49df98-98b8-4a9e-98ad-9c5557817eba,http://data.europa.eu/esco/occupation/4f49df98-98b8-4a9e-98ad-9c5557817eba,strategic_analysis,,,BI Analyst,take responsibility for targets and operating cadence,dashboard development | metric design | SQL | performance monitoring | stakeholder engagement,"Created trusted dashboards and alert logic for service operations, then partnered with managers to define thresholds and use exceptions in weekly action reviews.",strategic planning manager,Strategic Analysis,supporting,0,,,annotator_813,2026/8/18
C019,strategic_analysis::http://data.europa.eu/esco/occupation/56afc09a-75a0-49c7-a5cb-256df45d8f2d,http://data.europa.eu/esco/occupation/56afc09a-75a0-49c7-a5cb-256df45d8f2d,strategic_analysis,,,BI Analyst,take responsibility for targets and operating cadence,dashboard development | metric design | SQL | performance monitoring | stakeholder engagement,"Created trusted dashboards and alert logic for service operations, then partnered with managers to define thresholds and use exceptions in weekly action reviews.",economic adviser,Strategic Analysis,supporting,0,,,annotator_813,2026/8/18
C019,strategic_analysis::http://data.europa.eu/esco/occupation/66fb9704-0d56-4673-8e69-7823816b73e1,http://data.europa.eu/esco/occupation/66fb9704-0d56-4673-8e69-7823816b73e1,strategic_analysis,,,BI Analyst,take responsibility for targets and operating cadence,dashboard development | metric design | SQL | performance monitoring | stakeholder engagement,"Created trusted dashboards and alert logic for service operations, then partnered with managers to define thresholds and use exceptions in weekly action reviews.",market research analyst,Strategic Analysis,overlap,0,,,annotator_813,2026/8/18
C019,strategic_analysis::http://data.europa.eu/esco/occupation/99492920-e5a5-4dba-9e5a-93193147198c,http://data.europa.eu/esco/occupation/99492920-e5a5-4dba-9e5a-93193147198c,strategic_analysis,,,BI Analyst,take responsibility for targets and operating cadence,dashboard development | metric design | SQL | performance monitoring | stakeholder engagement,"Created trusted dashboards and alert logic for service operations, then partnered with managers to define thresholds and use exceptions in weekly action reviews.",economist,Strategic Analysis,supporting,0,,,annotator_813,2026/8/18
C023,business_performance_goal_management::http://data.europa.eu/esco/occupation/4e4a291d-1d38-4c5a-812a-5827d0691b11,http://data.europa.eu/esco/occupation/4e4a291d-1d38-4c5a-812a-5827d0691b11,business_performance_goal_management,,,Regional Planning Analyst,alternate between operating reviews and one-off commercial investigations,forecasting | variance analysis | commercial diagnosis | action tracking | facilitation,"Aligned regional demand and capacity assumptions for quarterly reviews, while separately tracing a channel shortfall to contract mix and proposing a limited pricing test. The examples support both recurring review ownership and project-based diagnosis.",budget analyst,Business Performance & Goal Management,supporting,1,,moderate,annotator_813,2026/8/18
C023,business_performance_goal_management::http://data.europa.eu/esco/occupation/84871c2a-abd1-45eb-b03a-65e51a26fd84,http://data.europa.eu/esco/occupation/84871c2a-abd1-45eb-b03a-65e51a26fd84,business_performance_goal_management,,,Regional Planning Analyst,alternate between operating reviews and one-off commercial investigations,forecasting | variance analysis | commercial diagnosis | action tracking | facilitation,"Aligned regional demand and capacity assumptions for quarterly reviews, while separately tracing a channel shortfall to contract mix and proposing a limited pricing test. The examples support both recurring review ownership and project-based diagnosis.",cost analyst,Business Performance & Goal Management,supporting,1,,moderate,annotator_813,2026/8/18
C023,business_performance_goal_management::http://data.europa.eu/esco/occupation/8d586ee9-0ab1-4155-a3b0-2ca786c8e48c,http://data.europa.eu/esco/occupation/8d586ee9-0ab1-4155-a3b0-2ca786c8e48c,business_performance_goal_management,,,Regional Planning Analyst,alternate between operating reviews and one-off commercial investigations,forecasting | variance analysis | commercial diagnosis | action tracking | facilitation,"Aligned regional demand and capacity assumptions for quarterly reviews, while separately tracing a channel shortfall to contract mix and proposing a limited pricing test. The examples support both recurring review ownership and project-based diagnosis.",financial analyst,Business Performance & Goal Management,supporting,1,,moderate,annotator_813,2026/8/18
C023,business_performance_goal_management::http://data.europa.eu/esco/occupation/d3edb8f8-3a06-47a0-8fb9-9b212c006aa2,http://data.europa.eu/esco/occupation/d3edb8f8-3a06-47a0-8fb9-9b212c006aa2,business_performance_goal_management,,,Regional Planning Analyst,alternate between operating reviews and one-off commercial investigations,forecasting | variance analysis | commercial diagnosis | action tracking | facilitation,"Aligned regional demand and capacity assumptions for quarterly reviews, while separately tracing a channel shortfall to contract mix and proposing a limited pricing test. The examples support both recurring review ownership and project-based diagnosis.",data analyst,Business Performance & Goal Management,overlap,2,,,annotator_813,2026/8/18
C023,business_strategy_focused_analysis::http://data.europa.eu/esco/occupation/50760da6-abc3-424c-b159-8ddf0818e016,http://data.europa.eu/esco/occupation/50760da6-abc3-424c-b159-8ddf0818e016,business_strategy_focused_analysis,,,Regional Planning Analyst,alternate between operating reviews and one-off commercial investigations,forecasting | variance analysis | commercial diagnosis | action tracking | facilitation,"Aligned regional demand and capacity assumptions for quarterly reviews, while separately tracing a channel shortfall to contract mix and proposing a limited pricing test. The examples support both recurring review ownership and project-based diagnosis.",business valuer,Business Strategy & Focused Analysis,supporting,1,,weak,annotator_813,2026/8/18
C023,business_strategy_focused_analysis::http://data.europa.eu/esco/occupation/60082a99-d8ef-4e84-9290-78902681b6ed,http://data.europa.eu/esco/occupation/60082a99-d8ef-4e84-9290-78902681b6ed,business_strategy_focused_analysis,,,Regional Planning Analyst,alternate between operating reviews and one-off commercial investigations,forecasting | variance analysis | commercial diagnosis | action tracking | facilitation,"Aligned regional demand and capacity assumptions for quarterly reviews, while separately tracing a channel shortfall to contract mix and proposing a limited pricing test. The examples support both recurring review ownership and project-based diagnosis.",business analyst,Business Strategy & Focused Analysis,core,2,,,annotator_813,2026/8/18
C023,business_strategy_focused_analysis::http://data.europa.eu/esco/occupation/66fb9704-0d56-4673-8e69-7823816b73e1,http://data.europa.eu/esco/occupation/66fb9704-0d56-4673-8e69-7823816b73e1,business_strategy_focused_analysis,,,Regional Planning Analyst,alternate between operating reviews and one-off commercial investigations,forecasting | variance analysis | commercial diagnosis | action tracking | facilitation,"Aligned regional demand and capacity assumptions for quarterly reviews, while separately tracing a channel shortfall to contract mix and proposing a limited pricing test. The examples support both recurring review ownership and project-based diagnosis.",market research analyst,Business Strategy & Focused Analysis,overlap,1,,moderate,annotator_813,2026/8/18
C023,business_strategy_focused_analysis::http://data.europa.eu/esco/occupation/6a29d804-f775-446c-bec7-35fc4e28ac97,http://data.europa.eu/esco/occupation/6a29d804-f775-446c-bec7-35fc4e28ac97,business_strategy_focused_analysis,,,Regional Planning Analyst,alternate between operating reviews and one-off commercial investigations,forecasting | variance analysis | commercial diagnosis | action tracking | facilitation,"Aligned regional demand and capacity assumptions for quarterly reviews, while separately tracing a channel shortfall to contract mix and proposing a limited pricing test. The examples support both recurring review ownership and project-based diagnosis.",business consultant,Business Strategy & Focused Analysis,core,1,,moderate,annotator_813,2026/8/18
C023,business_strategy_focused_analysis::http://data.europa.eu/esco/occupation/e16c2422-1323-4d8a-bd0f-c7584de70be1,http://data.europa.eu/esco/occupation/e16c2422-1323-4d8a-bd0f-c7584de70be1,business_strategy_focused_analysis,,,Regional Planning Analyst,alternate between operating reviews and one-off commercial investigations,forecasting | variance analysis | commercial diagnosis | action tracking | facilitation,"Aligned regional demand and capacity assumptions for quarterly reviews, while separately tracing a channel shortfall to contract mix and proposing a limited pricing test. The examples support both recurring review ownership and project-based diagnosis.",pricing specialist,Business Strategy & Focused Analysis,supporting,2,,,annotator_813,2026/8/18
C023,data_analytics::http://data.europa.eu/esco/occupation/ac8b3cd1-a127-4e6a-8208-5cfcf7111955,http://data.europa.eu/esco/occupation/ac8b3cd1-a127-4e6a-8208-5cfcf7111955,data_analytics,,,Regional Planning Analyst,alternate between operating reviews and one-off commercial investigations,forecasting | variance analysis | commercial diagnosis | action tracking | facilitation,"Aligned regional demand and capacity assumptions for quarterly reviews, while separately tracing a channel shortfall to contract mix and proposing a limited pricing test. The examples support both recurring review ownership and project-based diagnosis.",statistician,Data Analytics,overlap,1,,weak,annotator_813,2026/8/18
C023,data_analytics::http://data.europa.eu/esco/occupation/d3edb8f8-3a06-47a0-8fb9-9b212c006aa2,http://data.europa.eu/esco/occupation/d3edb8f8-3a06-47a0-8fb9-9b212c006aa2,data_analytics,,,Regional Planning Analyst,alternate between operating reviews and one-off commercial investigations,forecasting | variance analysis | commercial diagnosis | action tracking | facilitation,"Aligned regional demand and capacity assumptions for quarterly reviews, while separately tracing a channel shortfall to contract mix and proposing a limited pricing test. The examples support both recurring review ownership and project-based diagnosis.",data analyst,Data Analytics,core,0,,,annotator_813,2026/8/18
C023,data_science::http://data.europa.eu/esco/occupation/258e46f9-0075-4a2e-adae-1ff0477e0f30,http://data.europa.eu/esco/occupation/258e46f9-0075-4a2e-adae-1ff0477e0f30,data_science,,,Regional Planning Analyst,alternate between operating reviews and one-off commercial investigations,forecasting | variance analysis | commercial diagnosis | action tracking | facilitation,"Aligned regional demand and capacity assumptions for quarterly reviews, while separately tracing a channel shortfall to contract mix and proposing a limited pricing test. The examples support both recurring review ownership and project-based diagnosis.",data scientist,Data Science,core,0,,,annotator_813,2026/8/18
C023,data_science::http://data.europa.eu/esco/occupation/35553663-deab-4d9a-bf22-15c1625d28e8,http://data.europa.eu/esco/occupation/35553663-deab-4d9a-bf22-15c1625d28e8,data_science,,,Regional Planning Analyst,alternate between operating reviews and one-off commercial investigations,forecasting | variance analysis | commercial diagnosis | action tracking | facilitation,"Aligned regional demand and capacity assumptions for quarterly reviews, while separately tracing a channel shortfall to contract mix and proposing a limited pricing test. The examples support both recurring review ownership and project-based diagnosis.",artificial intelligence engineer,Data Science,supporting,0,,,annotator_813,2026/8/18
C023,data_science::http://data.europa.eu/esco/occupation/ac8b3cd1-a127-4e6a-8208-5cfcf7111955,http://data.europa.eu/esco/occupation/ac8b3cd1-a127-4e6a-8208-5cfcf7111955,data_science,,,Regional Planning Analyst,alternate between operating reviews and one-off commercial investigations,forecasting | variance analysis | commercial diagnosis | action tracking | facilitation,"Aligned regional demand and capacity assumptions for quarterly reviews, while separately tracing a channel shortfall to contract mix and proposing a limited pricing test. The examples support both recurring review ownership and project-based diagnosis.",statistician,Data Science,overlap,0,,,annotator_813,2026/8/18
C023,strategic_analysis::http://data.europa.eu/esco/occupation/4f49df98-98b8-4a9e-98ad-9c5557817eba,http://data.europa.eu/esco/occupation/4f49df98-98b8-4a9e-98ad-9c5557817eba,strategic_analysis,,,Regional Planning Analyst,alternate between operating reviews and one-off commercial investigations,forecasting | variance analysis | commercial diagnosis | action tracking | facilitation,"Aligned regional demand and capacity assumptions for quarterly reviews, while separately tracing a channel shortfall to contract mix and proposing a limited pricing test. The examples support both recurring review ownership and project-based diagnosis.",strategic planning manager,Strategic Analysis,supporting,1,,weak,annotator_813,2026/8/18
C023,strategic_analysis::http://data.europa.eu/esco/occupation/56afc09a-75a0-49c7-a5cb-256df45d8f2d,http://data.europa.eu/esco/occupation/56afc09a-75a0-49c7-a5cb-256df45d8f2d,strategic_analysis,,,Regional Planning Analyst,alternate between operating reviews and one-off commercial investigations,forecasting | variance analysis | commercial diagnosis | action tracking | facilitation,"Aligned regional demand and capacity assumptions for quarterly reviews, while separately tracing a channel shortfall to contract mix and proposing a limited pricing test. The examples support both recurring review ownership and project-based diagnosis.",economic adviser,Strategic Analysis,supporting,0,,,annotator_813,2026/8/18
C023,strategic_analysis::http://data.europa.eu/esco/occupation/66fb9704-0d56-4673-8e69-7823816b73e1,http://data.europa.eu/esco/occupation/66fb9704-0d56-4673-8e69-7823816b73e1,strategic_analysis,,,Regional Planning Analyst,alternate between operating reviews and one-off commercial investigations,forecasting | variance analysis | commercial diagnosis | action tracking | facilitation,"Aligned regional demand and capacity assumptions for quarterly reviews, while separately tracing a channel shortfall to contract mix and proposing a limited pricing test. The examples support both recurring review ownership and project-based diagnosis.",market research analyst,Strategic Analysis,overlap,1,,weak,annotator_813,2026/8/18
C023,strategic_analysis::http://data.europa.eu/esco/occupation/99492920-e5a5-4dba-9e5a-93193147198c,http://data.europa.eu/esco/occupation/99492920-e5a5-4dba-9e5a-93193147198c,strategic_analysis,,,Regional Planning Analyst,alternate between operating reviews and one-off commercial investigations,forecasting | variance analysis | commercial diagnosis | action tracking | facilitation,"Aligned regional demand and capacity assumptions for quarterly reviews, while separately tracing a channel shortfall to contract mix and proposing a limited pricing test. The examples support both recurring review ownership and project-based diagnosis.",economist,Strategic Analysis,supporting,0,,,annotator_813,2026/8/18
C024,business_performance_goal_management::http://data.europa.eu/esco/occupation/4e4a291d-1d38-4c5a-812a-5827d0691b11,http://data.europa.eu/esco/occupation/4e4a291d-1d38-4c5a-812a-5827d0691b11,business_performance_goal_management,,,Analytics Partner,combine recurring performance ownership with deeper business investigations,goal trees | business reviews | profitability analysis | problem framing | stakeholder management,Maintained a quarterly goal tree and review pack while also leading a one-off customer profitability study; both recurring cadence and project-based diagnosis are attractive next steps.,budget analyst,Business Performance & Goal Management,supporting,0,,,annotator_813,2026/8/18
C024,business_performance_goal_management::http://data.europa.eu/esco/occupation/84871c2a-abd1-45eb-b03a-65e51a26fd84,http://data.europa.eu/esco/occupation/84871c2a-abd1-45eb-b03a-65e51a26fd84,business_performance_goal_management,,,Analytics Partner,combine recurring performance ownership with deeper business investigations,goal trees | business reviews | profitability analysis | problem framing | stakeholder management,Maintained a quarterly goal tree and review pack while also leading a one-off customer profitability study; both recurring cadence and project-based diagnosis are attractive next steps.,cost analyst,Business Performance & Goal Management,supporting,1,,weak,annotator_813,2026/8/18
C024,business_performance_goal_management::http://data.europa.eu/esco/occupation/8d586ee9-0ab1-4155-a3b0-2ca786c8e48c,http://data.europa.eu/esco/occupation/8d586ee9-0ab1-4155-a3b0-2ca786c8e48c,business_performance_goal_management,,,Analytics Partner,combine recurring performance ownership with deeper business investigations,goal trees | business reviews | profitability analysis | problem framing | stakeholder management,Maintained a quarterly goal tree and review pack while also leading a one-off customer profitability study; both recurring cadence and project-based diagnosis are attractive next steps.,financial analyst,Business Performance & Goal Management,supporting,1,,weak,annotator_813,2026/8/18
C024,business_performance_goal_management::http://data.europa.eu/esco/occupation/d3edb8f8-3a06-47a0-8fb9-9b212c006aa2,http://data.europa.eu/esco/occupation/d3edb8f8-3a06-47a0-8fb9-9b212c006aa2,business_performance_goal_management,,,Analytics Partner,combine recurring performance ownership with deeper business investigations,goal trees | business reviews | profitability analysis | problem framing | stakeholder management,Maintained a quarterly goal tree and review pack while also leading a one-off customer profitability study; both recurring cadence and project-based diagnosis are attractive next steps.,data analyst,Business Performance & Goal Management,overlap,1,,moderate,annotator_813,2026/8/18
C024,business_strategy_focused_analysis::http://data.europa.eu/esco/occupation/50760da6-abc3-424c-b159-8ddf0818e016,http://data.europa.eu/esco/occupation/50760da6-abc3-424c-b159-8ddf0818e016,business_strategy_focused_analysis,,,Analytics Partner,combine recurring performance ownership with deeper business investigations,goal trees | business reviews | profitability analysis | problem framing | stakeholder management,Maintained a quarterly goal tree and review pack while also leading a one-off customer profitability study; both recurring cadence and project-based diagnosis are attractive next steps.,business valuer,Business Strategy & Focused Analysis,supporting,1,,moderate,annotator_813,2026/8/18
C024,business_strategy_focused_analysis::http://data.europa.eu/esco/occupation/60082a99-d8ef-4e84-9290-78902681b6ed,http://data.europa.eu/esco/occupation/60082a99-d8ef-4e84-9290-78902681b6ed,business_strategy_focused_analysis,,,Analytics Partner,combine recurring performance ownership with deeper business investigations,goal trees | business reviews | profitability analysis | problem framing | stakeholder management,Maintained a quarterly goal tree and review pack while also leading a one-off customer profitability study; both recurring cadence and project-based diagnosis are attractive next steps.,business analyst,Business Strategy & Focused Analysis,core,2,,,annotator_813,2026/8/18
C024,business_strategy_focused_analysis::http://data.europa.eu/esco/occupation/66fb9704-0d56-4673-8e69-7823816b73e1,http://data.europa.eu/esco/occupation/66fb9704-0d56-4673-8e69-7823816b73e1,business_strategy_focused_analysis,,,Analytics Partner,combine recurring performance ownership with deeper business investigations,goal trees | business reviews | profitability analysis | problem framing | stakeholder management,Maintained a quarterly goal tree and review pack while also leading a one-off customer profitability study; both recurring cadence and project-based diagnosis are attractive next steps.,market research analyst,Business Strategy & Focused Analysis,overlap,2,,,annotator_813,2026/8/18
C024,business_strategy_focused_analysis::http://data.europa.eu/esco/occupation/6a29d804-f775-446c-bec7-35fc4e28ac97,http://data.europa.eu/esco/occupation/6a29d804-f775-446c-bec7-35fc4e28ac97,business_strategy_focused_analysis,,,Analytics Partner,combine recurring performance ownership with deeper business investigations,goal trees | business reviews | profitability analysis | problem framing | stakeholder management,Maintained a quarterly goal tree and review pack while also leading a one-off customer profitability study; both recurring cadence and project-based diagnosis are attractive next steps.,business consultant,Business Strategy & Focused Analysis,core,2,,,annotator_813,2026/8/18
C024,business_strategy_focused_analysis::http://data.europa.eu/esco/occupation/e16c2422-1323-4d8a-bd0f-c7584de70be1,http://data.europa.eu/esco/occupation/e16c2422-1323-4d8a-bd0f-c7584de70be1,business_strategy_focused_analysis,,,Analytics Partner,combine recurring performance ownership with deeper business investigations,goal trees | business reviews | profitability analysis | problem framing | stakeholder management,Maintained a quarterly goal tree and review pack while also leading a one-off customer profitability study; both recurring cadence and project-based diagnosis are attractive next steps.,pricing specialist,Business Strategy & Focused Analysis,supporting,0,,,annotator_813,2026/8/18
C024,data_analytics::http://data.europa.eu/esco/occupation/ac8b3cd1-a127-4e6a-8208-5cfcf7111955,http://data.europa.eu/esco/occupation/ac8b3cd1-a127-4e6a-8208-5cfcf7111955,data_analytics,,,Analytics Partner,combine recurring performance ownership with deeper business investigations,goal trees | business reviews | profitability analysis | problem framing | stakeholder management,Maintained a quarterly goal tree and review pack while also leading a one-off customer profitability study; both recurring cadence and project-based diagnosis are attractive next steps.,statistician,Data Analytics,overlap,0,,,annotator_813,2026/8/18
C024,data_analytics::http://data.europa.eu/esco/occupation/d3edb8f8-3a06-47a0-8fb9-9b212c006aa2,http://data.europa.eu/esco/occupation/d3edb8f8-3a06-47a0-8fb9-9b212c006aa2,data_analytics,,,Analytics Partner,combine recurring performance ownership with deeper business investigations,goal trees | business reviews | profitability analysis | problem framing | stakeholder management,Maintained a quarterly goal tree and review pack while also leading a one-off customer profitability study; both recurring cadence and project-based diagnosis are attractive next steps.,data analyst,Data Analytics,core,1,,moderate,annotator_813,2026/8/18
C024,data_science::http://data.europa.eu/esco/occupation/258e46f9-0075-4a2e-adae-1ff0477e0f30,http://data.europa.eu/esco/occupation/258e46f9-0075-4a2e-adae-1ff0477e0f30,data_science,,,Analytics Partner,combine recurring performance ownership with deeper business investigations,goal trees | business reviews | profitability analysis | problem framing | stakeholder management,Maintained a quarterly goal tree and review pack while also leading a one-off customer profitability study; both recurring cadence and project-based diagnosis are attractive next steps.,data scientist,Data Science,core,0,,,annotator_813,2026/8/18
C024,data_science::http://data.europa.eu/esco/occupation/35553663-deab-4d9a-bf22-15c1625d28e8,http://data.europa.eu/esco/occupation/35553663-deab-4d9a-bf22-15c1625d28e8,data_science,,,Analytics Partner,combine recurring performance ownership with deeper business investigations,goal trees | business reviews | profitability analysis | problem framing | stakeholder management,Maintained a quarterly goal tree and review pack while also leading a one-off customer profitability study; both recurring cadence and project-based diagnosis are attractive next steps.,artificial intelligence engineer,Data Science,supporting,0,,,annotator_813,2026/8/18
C024,data_science::http://data.europa.eu/esco/occupation/ac8b3cd1-a127-4e6a-8208-5cfcf7111955,http://data.europa.eu/esco/occupation/ac8b3cd1-a127-4e6a-8208-5cfcf7111955,data_science,,,Analytics Partner,combine recurring performance ownership with deeper business investigations,goal trees | business reviews | profitability analysis | problem framing | stakeholder management,Maintained a quarterly goal tree and review pack while also leading a one-off customer profitability study; both recurring cadence and project-based diagnosis are attractive next steps.,statistician,Data Science,overlap,0,,,annotator_813,2026/8/18
C024,strategic_analysis::http://data.europa.eu/esco/occupation/4f49df98-98b8-4a9e-98ad-9c5557817eba,http://data.europa.eu/esco/occupation/4f49df98-98b8-4a9e-98ad-9c5557817eba,strategic_analysis,,,Analytics Partner,combine recurring performance ownership with deeper business investigations,goal trees | business reviews | profitability analysis | problem framing | stakeholder management,Maintained a quarterly goal tree and review pack while also leading a one-off customer profitability study; both recurring cadence and project-based diagnosis are attractive next steps.,strategic planning manager,Strategic Analysis,supporting,1,,strong,annotator_813,2026/8/18
C024,strategic_analysis::http://data.europa.eu/esco/occupation/56afc09a-75a0-49c7-a5cb-256df45d8f2d,http://data.europa.eu/esco/occupation/56afc09a-75a0-49c7-a5cb-256df45d8f2d,strategic_analysis,,,Analytics Partner,combine recurring performance ownership with deeper business investigations,goal trees | business reviews | profitability analysis | problem framing | stakeholder management,Maintained a quarterly goal tree and review pack while also leading a one-off customer profitability study; both recurring cadence and project-based diagnosis are attractive next steps.,economic adviser,Strategic Analysis,supporting,1,,moderate,annotator_813,2026/8/18
C024,strategic_analysis::http://data.europa.eu/esco/occupation/66fb9704-0d56-4673-8e69-7823816b73e1,http://data.europa.eu/esco/occupation/66fb9704-0d56-4673-8e69-7823816b73e1,strategic_analysis,,,Analytics Partner,combine recurring performance ownership with deeper business investigations,goal trees | business reviews | profitability analysis | problem framing | stakeholder management,Maintained a quarterly goal tree and review pack while also leading a one-off customer profitability study; both recurring cadence and project-based diagnosis are attractive next steps.,market research analyst,Strategic Analysis,overlap,2,,,annotator_813,2026/8/18
C024,strategic_analysis::http://data.europa.eu/esco/occupation/99492920-e5a5-4dba-9e5a-93193147198c,http://data.europa.eu/esco/occupation/99492920-e5a5-4dba-9e5a-93193147198c,strategic_analysis,,,Analytics Partner,combine recurring performance ownership with deeper business investigations,goal trees | business reviews | profitability analysis | problem framing | stakeholder management,Maintained a quarterly goal tree and review pack while also leading a one-off customer profitability study; both recurring cadence and project-based diagnosis are attractive next steps.,economist,Strategic Analysis,supporting,0,,,annotator_813,2026/8/18
C025,business_performance_goal_management::http://data.europa.eu/esco/occupation/4e4a291d-1d38-4c5a-812a-5827d0691b11,http://data.europa.eu/esco/occupation/4e4a291d-1d38-4c5a-812a-5827d0691b11,business_performance_goal_management,,,Business Analyst,solve high-priority business problems from diagnosis to action,problem framing | SQL | stakeholder interviews | commercial analysis | business cases,"Framed a merchant retention problem, interviewed frontline teams, analysed behavioural segments, and compared three interventions before recommending a pilot.",budget analyst,Business Performance & Goal Management,supporting,1,,moderate,annotator_813,2026/8/18
C025,business_performance_goal_management::http://data.europa.eu/esco/occupation/84871c2a-abd1-45eb-b03a-65e51a26fd84,http://data.europa.eu/esco/occupation/84871c2a-abd1-45eb-b03a-65e51a26fd84,business_performance_goal_management,,,Business Analyst,solve high-priority business problems from diagnosis to action,problem framing | SQL | stakeholder interviews | commercial analysis | business cases,"Framed a merchant retention problem, interviewed frontline teams, analysed behavioural segments, and compared three interventions before recommending a pilot.",cost analyst,Business Performance & Goal Management,supporting,1,,moderate,annotator_813,2026/8/18
C025,business_performance_goal_management::http://data.europa.eu/esco/occupation/8d586ee9-0ab1-4155-a3b0-2ca786c8e48c,http://data.europa.eu/esco/occupation/8d586ee9-0ab1-4155-a3b0-2ca786c8e48c,business_performance_goal_management,,,Business Analyst,solve high-priority business problems from diagnosis to action,problem framing | SQL | stakeholder interviews | commercial analysis | business cases,"Framed a merchant retention problem, interviewed frontline teams, analysed behavioural segments, and compared three interventions before recommending a pilot.",financial analyst,Business Performance & Goal Management,supporting,1,,moderate,annotator_813,2026/8/18
C025,business_performance_goal_management::http://data.europa.eu/esco/occupation/d3edb8f8-3a06-47a0-8fb9-9b212c006aa2,http://data.europa.eu/esco/occupation/d3edb8f8-3a06-47a0-8fb9-9b212c006aa2,business_performance_goal_management,,,Business Analyst,solve high-priority business problems from diagnosis to action,problem framing | SQL | stakeholder interviews | commercial analysis | business cases,"Framed a merchant retention problem, interviewed frontline teams, analysed behavioural segments, and compared three interventions before recommending a pilot.",data analyst,Business Performance & Goal Management,overlap,2,,,annotator_813,2026/8/18
C025,business_strategy_focused_analysis::http://data.europa.eu/esco/occupation/50760da6-abc3-424c-b159-8ddf0818e016,http://data.europa.eu/esco/occupation/50760da6-abc3-424c-b159-8ddf0818e016,business_strategy_focused_analysis,,,Business Analyst,solve high-priority business problems from diagnosis to action,problem framing | SQL | stakeholder interviews | commercial analysis | business cases,"Framed a merchant retention problem, interviewed frontline teams, analysed behavioural segments, and compared three interventions before recommending a pilot.",business valuer,Business Strategy & Focused Analysis,supporting,1,,strong,annotator_813,2026/8/18
C025,business_strategy_focused_analysis::http://data.europa.eu/esco/occupation/60082a99-d8ef-4e84-9290-78902681b6ed,http://data.europa.eu/esco/occupation/60082a99-d8ef-4e84-9290-78902681b6ed,business_strategy_focused_analysis,,,Business Analyst,solve high-priority business problems from diagnosis to action,problem framing | SQL | stakeholder interviews | commercial analysis | business cases,"Framed a merchant retention problem, interviewed frontline teams, analysed behavioural segments, and compared three interventions before recommending a pilot.",business analyst,Business Strategy & Focused Analysis,core,2,,,annotator_813,2026/8/18
C025,business_strategy_focused_analysis::http://data.europa.eu/esco/occupation/66fb9704-0d56-4673-8e69-7823816b73e1,http://data.europa.eu/esco/occupation/66fb9704-0d56-4673-8e69-7823816b73e1,business_strategy_focused_analysis,,,Business Analyst,solve high-priority business problems from diagnosis to action,problem framing | SQL | stakeholder interviews | commercial analysis | business cases,"Framed a merchant retention problem, interviewed frontline teams, analysed behavioural segments, and compared three interventions before recommending a pilot.",market research analyst,Business Strategy & Focused Analysis,overlap,2,,,annotator_813,2026/8/18
C025,business_strategy_focused_analysis::http://data.europa.eu/esco/occupation/6a29d804-f775-446c-bec7-35fc4e28ac97,http://data.europa.eu/esco/occupation/6a29d804-f775-446c-bec7-35fc4e28ac97,business_strategy_focused_analysis,,,Business Analyst,solve high-priority business problems from diagnosis to action,problem framing | SQL | stakeholder interviews | commercial analysis | business cases,"Framed a merchant retention problem, interviewed frontline teams, analysed behavioural segments, and compared three interventions before recommending a pilot.",business consultant,Business Strategy & Focused Analysis,core,2,,,annotator_813,2026/8/18
C025,business_strategy_focused_analysis::http://data.europa.eu/esco/occupation/e16c2422-1323-4d8a-bd0f-c7584de70be1,http://data.europa.eu/esco/occupation/e16c2422-1323-4d8a-bd0f-c7584de70be1,business_strategy_focused_analysis,,,Business Analyst,solve high-priority business problems from diagnosis to action,problem framing | SQL | stakeholder interviews | commercial analysis | business cases,"Framed a merchant retention problem, interviewed frontline teams, analysed behavioural segments, and compared three interventions before recommending a pilot.",pricing specialist,Business Strategy & Focused Analysis,supporting,1,,weak,annotator_813,2026/8/18
C025,data_analytics::http://data.europa.eu/esco/occupation/ac8b3cd1-a127-4e6a-8208-5cfcf7111955,http://data.europa.eu/esco/occupation/ac8b3cd1-a127-4e6a-8208-5cfcf7111955,data_analytics,,,Business Analyst,solve high-priority business problems from diagnosis to action,problem framing | SQL | stakeholder interviews | commercial analysis | business cases,"Framed a merchant retention problem, interviewed frontline teams, analysed behavioural segments, and compared three interventions before recommending a pilot.",statistician,Data Analytics,overlap,1,,strong,annotator_813,2026/8/18
C025,data_analytics::http://data.europa.eu/esco/occupation/d3edb8f8-3a06-47a0-8fb9-9b212c006aa2,http://data.europa.eu/esco/occupation/d3edb8f8-3a06-47a0-8fb9-9b212c006aa2,data_analytics,,,Business Analyst,solve high-priority business problems from diagnosis to action,problem framing | SQL | stakeholder interviews | commercial analysis | business cases,"Framed a merchant retention problem, interviewed frontline teams, analysed behavioural segments, and compared three interventions before recommending a pilot.",data analyst,Data Analytics,core,2,,,annotator_813,2026/8/18
C025,data_science::http://data.europa.eu/esco/occupation/258e46f9-0075-4a2e-adae-1ff0477e0f30,http://data.europa.eu/esco/occupation/258e46f9-0075-4a2e-adae-1ff0477e0f30,data_science,,,Business Analyst,solve high-priority business problems from diagnosis to action,problem framing | SQL | stakeholder interviews | commercial analysis | business cases,"Framed a merchant retention problem, interviewed frontline teams, analysed behavioural segments, and compared three interventions before recommending a pilot.",data scientist,Data Science,core,0,,,annotator_813,2026/8/18
C025,data_science::http://data.europa.eu/esco/occupation/35553663-deab-4d9a-bf22-15c1625d28e8,http://data.europa.eu/esco/occupation/35553663-deab-4d9a-bf22-15c1625d28e8,data_science,,,Business Analyst,solve high-priority business problems from diagnosis to action,problem framing | SQL | stakeholder interviews | commercial analysis | business cases,"Framed a merchant retention problem, interviewed frontline teams, analysed behavioural segments, and compared three interventions before recommending a pilot.",artificial intelligence engineer,Data Science,supporting,0,,,annotator_813,2026/8/18
C025,data_science::http://data.europa.eu/esco/occupation/ac8b3cd1-a127-4e6a-8208-5cfcf7111955,http://data.europa.eu/esco/occupation/ac8b3cd1-a127-4e6a-8208-5cfcf7111955,data_science,,,Business Analyst,solve high-priority business problems from diagnosis to action,problem framing | SQL | stakeholder interviews | commercial analysis | business cases,"Framed a merchant retention problem, interviewed frontline teams, analysed behavioural segments, and compared three interventions before recommending a pilot.",statistician,Data Science,overlap,0,,,annotator_813,2026/8/18
C025,strategic_analysis::http://data.europa.eu/esco/occupation/4f49df98-98b8-4a9e-98ad-9c5557817eba,http://data.europa.eu/esco/occupation/4f49df98-98b8-4a9e-98ad-9c5557817eba,strategic_analysis,,,Business Analyst,solve high-priority business problems from diagnosis to action,problem framing | SQL | stakeholder interviews | commercial analysis | business cases,"Framed a merchant retention problem, interviewed frontline teams, analysed behavioural segments, and compared three interventions before recommending a pilot.",strategic planning manager,Strategic Analysis,supporting,2,,,annotator_813,2026/8/18
C025,strategic_analysis::http://data.europa.eu/esco/occupation/56afc09a-75a0-49c7-a5cb-256df45d8f2d,http://data.europa.eu/esco/occupation/56afc09a-75a0-49c7-a5cb-256df45d8f2d,strategic_analysis,,,Business Analyst,solve high-priority business problems from diagnosis to action,problem framing | SQL | stakeholder interviews | commercial analysis | business cases,"Framed a merchant retention problem, interviewed frontline teams, analysed behavioural segments, and compared three interventions before recommending a pilot.",economic adviser,Strategic Analysis,supporting,0,,,annotator_813,2026/8/18
C025,strategic_analysis::http://data.europa.eu/esco/occupation/66fb9704-0d56-4673-8e69-7823816b73e1,http://data.europa.eu/esco/occupation/66fb9704-0d56-4673-8e69-7823816b73e1,strategic_analysis,,,Business Analyst,solve high-priority business problems from diagnosis to action,problem framing | SQL | stakeholder interviews | commercial analysis | business cases,"Framed a merchant retention problem, interviewed frontline teams, analysed behavioural segments, and compared three interventions before recommending a pilot.",market research analyst,Strategic Analysis,overlap,1,,moderate,annotator_813,2026/8/18
C025,strategic_analysis::http://data.europa.eu/esco/occupation/99492920-e5a5-4dba-9e5a-93193147198c,http://data.europa.eu/esco/occupation/99492920-e5a5-4dba-9e5a-93193147198c,strategic_analysis,,,Business Analyst,solve high-priority business problems from diagnosis to action,problem framing | SQL | stakeholder interviews | commercial analysis | business cases,"Framed a merchant retention problem, interviewed frontline teams, analysed behavioural segments, and compared three interventions before recommending a pilot.",economist,Strategic Analysis,supporting,0,,,annotator_813,2026/8/18
C026,business_performance_goal_management::http://data.europa.eu/esco/occupation/4e4a291d-1d38-4c5a-812a-5827d0691b11,http://data.europa.eu/esco/occupation/4e4a291d-1d38-4c5a-812a-5827d0691b11,business_performance_goal_management,,,Growth Operations Analyst,work on focused growth questions | build stronger performance routines,growth analysis | cohort analysis | metric design | experimentation | presentation,"Investigated a referral decline across markets, separated product and channel effects, and helped owners add the leading indicators to their weekly review.",budget analyst,Business Performance & Goal Management,supporting,1,performance analysis; no budgeting evidence,moderate,annotator_813,2026/8/22
C026,business_performance_goal_management::http://data.europa.eu/esco/occupation/84871c2a-abd1-45eb-b03a-65e51a26fd84,http://data.europa.eu/esco/occupation/84871c2a-abd1-45eb-b03a-65e51a26fd84,business_performance_goal_management,,,Growth Operations Analyst,work on focused growth questions | build stronger performance routines,growth analysis | cohort analysis | metric design | experimentation | presentation,"Investigated a referral decline across markets, separated product and channel effects, and helped owners add the leading indicators to their weekly review.",cost analyst,Business Performance & Goal Management,supporting,1,performance analysis; no cost-analysis evidence,moderate,annotator_813,2026/8/22
C026,business_performance_goal_management::http://data.europa.eu/esco/occupation/8d586ee9-0ab1-4155-a3b0-2ca786c8e48c,http://data.europa.eu/esco/occupation/8d586ee9-0ab1-4155-a3b0-2ca786c8e48c,business_performance_goal_management,,,Growth Operations Analyst,work on focused growth questions | build stronger performance routines,growth analysis | cohort analysis | metric design | experimentation | presentation,"Investigated a referral decline across markets, separated product and channel effects, and helped owners add the leading indicators to their weekly review.",financial analyst,Business Performance & Goal Management,supporting,1,,moderate,annotator_813,2026/8/22
C026,business_performance_goal_management::http://data.europa.eu/esco/occupation/d3edb8f8-3a06-47a0-8fb9-9b212c006aa2,http://data.europa.eu/esco/occupation/d3edb8f8-3a06-47a0-8fb9-9b212c006aa2,business_performance_goal_management,,,Growth Operations Analyst,work on focused growth questions | build stronger performance routines,growth analysis | cohort analysis | metric design | experimentation | presentation,"Investigated a referral decline across markets, separated product and channel effects, and helped owners add the leading indicators to their weekly review.",data analyst,Business Performance & Goal Management,overlap,2,,strong,annotator_813,2026/8/22
C026,business_strategy_focused_analysis::http://data.europa.eu/esco/occupation/50760da6-abc3-424c-b159-8ddf0818e016,http://data.europa.eu/esco/occupation/50760da6-abc3-424c-b159-8ddf0818e016,business_strategy_focused_analysis,,,Growth Operations Analyst,work on focused growth questions | build stronger performance routines,growth analysis | cohort analysis | metric design | experimentation | presentation,"Investigated a referral decline across markets, separated product and channel effects, and helped owners add the leading indicators to their weekly review.",business valuer,Business Strategy & Focused Analysis,supporting,1,business analysis; no valuation evidence,weak,annotator_813,2026/8/22
C026,business_strategy_focused_analysis::http://data.europa.eu/esco/occupation/60082a99-d8ef-4e84-9290-78902681b6ed,http://data.europa.eu/esco/occupation/60082a99-d8ef-4e84-9290-78902681b6ed,business_strategy_focused_analysis,,,Growth Operations Analyst,work on focused growth questions | build stronger performance routines,growth analysis | cohort analysis | metric design | experimentation | presentation,"Investigated a referral decline across markets, separated product and channel effects, and helped owners add the leading indicators to their weekly review.",business analyst,Business Strategy & Focused Analysis,core,2,,,annotator_813,2026/8/22
C026,business_strategy_focused_analysis::http://data.europa.eu/esco/occupation/66fb9704-0d56-4673-8e69-7823816b73e1,http://data.europa.eu/esco/occupation/66fb9704-0d56-4673-8e69-7823816b73e1,business_strategy_focused_analysis,,,Growth Operations Analyst,work on focused growth questions | build stronger performance routines,growth analysis | cohort analysis | metric design | experimentation | presentation,"Investigated a referral decline across markets, separated product and channel effects, and helped owners add the leading indicators to their weekly review.",market research analyst,Business Strategy & Focused Analysis,overlap,2,,,annotator_813,2026/8/22
C026,business_strategy_focused_analysis::http://data.europa.eu/esco/occupation/6a29d804-f775-446c-bec7-35fc4e28ac97,http://data.europa.eu/esco/occupation/6a29d804-f775-446c-bec7-35fc4e28ac97,business_strategy_focused_analysis,,,Growth Operations Analyst,work on focused growth questions | build stronger performance routines,growth analysis | cohort analysis | metric design | experimentation | presentation,"Investigated a referral decline across markets, separated product and channel effects, and helped owners add the leading indicators to their weekly review.",business consultant,Business Strategy & Focused Analysis,core,1,focused growth analysis; no external consulting evidence,moderate,annotator_813,2026/8/22
C026,business_strategy_focused_analysis::http://data.europa.eu/esco/occupation/e16c2422-1323-4d8a-bd0f-c7584de70be1,http://data.europa.eu/esco/occupation/e16c2422-1323-4d8a-bd0f-c7584de70be1,business_strategy_focused_analysis,,,Growth Operations Analyst,work on focused growth questions | build stronger performance routines,growth analysis | cohort analysis | metric design | experimentation | presentation,"Investigated a referral decline across markets, separated product and channel effects, and helped owners add the leading indicators to their weekly review.",pricing specialist,Business Strategy & Focused Analysis,supporting,1,growth analysis; no pricing evidence,weak,annotator_813,2026/8/22
C026,data_analytics::http://data.europa.eu/esco/occupation/ac8b3cd1-a127-4e6a-8208-5cfcf7111955,http://data.europa.eu/esco/occupation/ac8b3cd1-a127-4e6a-8208-5cfcf7111955,data_analytics,,,Growth Operations Analyst,work on focused growth questions | build stronger performance routines,growth analysis | cohort analysis | metric design | experimentation | presentation,"Investigated a referral decline across markets, separated product and channel effects, and helped owners add the leading indicators to their weekly review.",statistician,Data Analytics,overlap,2,,strong,annotator_813,2026/8/22
C026,data_analytics::http://data.europa.eu/esco/occupation/d3edb8f8-3a06-47a0-8fb9-9b212c006aa2,http://data.europa.eu/esco/occupation/d3edb8f8-3a06-47a0-8fb9-9b212c006aa2,data_analytics,,,Growth Operations Analyst,work on focused growth questions | build stronger performance routines,growth analysis | cohort analysis | metric design | experimentation | presentation,"Investigated a referral decline across markets, separated product and channel effects, and helped owners add the leading indicators to their weekly review.",data analyst,Data Analytics,core,2,,strong,annotator_813,2026/8/22
C026,data_science::http://data.europa.eu/esco/occupation/258e46f9-0075-4a2e-adae-1ff0477e0f30,http://data.europa.eu/esco/occupation/258e46f9-0075-4a2e-adae-1ff0477e0f30,data_science,,,Growth Operations Analyst,work on focused growth questions | build stronger performance routines,growth analysis | cohort analysis | metric design | experimentation | presentation,"Investigated a referral decline across markets, separated product and channel effects, and helped owners add the leading indicators to their weekly review.",data scientist,Data Science,core,1,experimentation exposure; limited modelling evidence,weak,annotator_813,2026/8/22
C026,data_science::http://data.europa.eu/esco/occupation/35553663-deab-4d9a-bf22-15c1625d28e8,http://data.europa.eu/esco/occupation/35553663-deab-4d9a-bf22-15c1625d28e8,data_science,,,Growth Operations Analyst,work on focused growth questions | build stronger performance routines,growth analysis | cohort analysis | metric design | experimentation | presentation,"Investigated a referral decline across markets, separated product and channel effects, and helped owners add the leading indicators to their weekly review.",artificial intelligence engineer,Data Science,supporting,0,,,annotator_813,2026/8/22
C026,data_science::http://data.europa.eu/esco/occupation/ac8b3cd1-a127-4e6a-8208-5cfcf7111955,http://data.europa.eu/esco/occupation/ac8b3cd1-a127-4e6a-8208-5cfcf7111955,data_science,,,Growth Operations Analyst,work on focused growth questions | build stronger performance routines,growth analysis | cohort analysis | metric design | experimentation | presentation,"Investigated a referral decline across markets, separated product and channel effects, and helped owners add the leading indicators to their weekly review.",statistician,Data Science,overlap,1,,moderate,annotator_813,2026/8/22
C026,strategic_analysis::http://data.europa.eu/esco/occupation/4f49df98-98b8-4a9e-98ad-9c5557817eba,http://data.europa.eu/esco/occupation/4f49df98-98b8-4a9e-98ad-9c5557817eba,strategic_analysis,,,Growth Operations Analyst,work on focused growth questions | build stronger performance routines,growth analysis | cohort analysis | metric design | experimentation | presentation,"Investigated a referral decline across markets, separated product and channel effects, and helped owners add the leading indicators to their weekly review.",strategic planning manager,Strategic Analysis,supporting,1,market-level analysis; short operating horizon,weak,annotator_813,2026/8/22
C026,strategic_analysis::http://data.europa.eu/esco/occupation/56afc09a-75a0-49c7-a5cb-256df45d8f2d,http://data.europa.eu/esco/occupation/56afc09a-75a0-49c7-a5cb-256df45d8f2d,strategic_analysis,,,Growth Operations Analyst,work on focused growth questions | build stronger performance routines,growth analysis | cohort analysis | metric design | experimentation | presentation,"Investigated a referral decline across markets, separated product and channel effects, and helped owners add the leading indicators to their weekly review.",economic adviser,Strategic Analysis,supporting,0,,,annotator_813,2026/8/22
C026,strategic_analysis::http://data.europa.eu/esco/occupation/66fb9704-0d56-4673-8e69-7823816b73e1,http://data.europa.eu/esco/occupation/66fb9704-0d56-4673-8e69-7823816b73e1,strategic_analysis,,,Growth Operations Analyst,work on focused growth questions | build stronger performance routines,growth analysis | cohort analysis | metric design | experimentation | presentation,"Investigated a referral decline across markets, separated product and channel effects, and helped owners add the leading indicators to their weekly review.",market research analyst,Strategic Analysis,overlap,1,market-level analysis; short operating horizon,weak,annotator_813,2026/8/22
C026,strategic_analysis::http://data.europa.eu/esco/occupation/99492920-e5a5-4dba-9e5a-93193147198c,http://data.europa.eu/esco/occupation/99492920-e5a5-4dba-9e5a-93193147198c,strategic_analysis,,,Growth Operations Analyst,work on focused growth questions | build stronger performance routines,growth analysis | cohort analysis | metric design | experimentation | presentation,"Investigated a referral decline across markets, separated product and channel effects, and helped owners add the leading indicators to their weekly review.",economist,Strategic Analysis,supporting,0,,,annotator_813,2026/8/22
C027,business_performance_goal_management::http://data.europa.eu/esco/occupation/4e4a291d-1d38-4c5a-812a-5827d0691b11,http://data.europa.eu/esco/occupation/4e4a291d-1d38-4c5a-812a-5827d0691b11,business_performance_goal_management,,,Market Research Analyst,turn broad research into concrete business recommendations,market research | customer interviews | market sizing | business case development | storylining,"Converted an industry scan into a launch question for one customer segment, tested willingness to pay through interviews, and drafted an initial route-to-market case.",budget analyst,Business Performance & Goal Management,supporting,0,,,annotator_813,2026/8/22
C027,business_performance_goal_management::http://data.europa.eu/esco/occupation/84871c2a-abd1-45eb-b03a-65e51a26fd84,http://data.europa.eu/esco/occupation/84871c2a-abd1-45eb-b03a-65e51a26fd84,business_performance_goal_management,,,Market Research Analyst,turn broad research into concrete business recommendations,market research | customer interviews | market sizing | business case development | storylining,"Converted an industry scan into a launch question for one customer segment, tested willingness to pay through interviews, and drafted an initial route-to-market case.",cost analyst,Business Performance & Goal Management,supporting,0,,,annotator_813,2026/8/22
C027,business_performance_goal_management::http://data.europa.eu/esco/occupation/8d586ee9-0ab1-4155-a3b0-2ca786c8e48c,http://data.europa.eu/esco/occupation/8d586ee9-0ab1-4155-a3b0-2ca786c8e48c,business_performance_goal_management,,,Market Research Analyst,turn broad research into concrete business recommendations,market research | customer interviews | market sizing | business case development | storylining,"Converted an industry scan into a launch question for one customer segment, tested willingness to pay through interviews, and drafted an initial route-to-market case.",financial analyst,Business Performance & Goal Management,supporting,0,,,annotator_813,2026/8/22
C027,business_performance_goal_management::http://data.europa.eu/esco/occupation/d3edb8f8-3a06-47a0-8fb9-9b212c006aa2,http://data.europa.eu/esco/occupation/d3edb8f8-3a06-47a0-8fb9-9b212c006aa2,business_performance_goal_management,,,Market Research Analyst,turn broad research into concrete business recommendations,market research | customer interviews | market sizing | business case development | storylining,"Converted an industry scan into a launch question for one customer segment, tested willingness to pay through interviews, and drafted an initial route-to-market case.",data analyst,Business Performance & Goal Management,overlap,0,,,annotator_813,2026/8/22
C027,business_strategy_focused_analysis::http://data.europa.eu/esco/occupation/50760da6-abc3-424c-b159-8ddf0818e016,http://data.europa.eu/esco/occupation/50760da6-abc3-424c-b159-8ddf0818e016,business_strategy_focused_analysis,,,Market Research Analyst,turn broad research into concrete business recommendations,market research | customer interviews | market sizing | business case development | storylining,"Converted an industry scan into a launch question for one customer segment, tested willingness to pay through interviews, and drafted an initial route-to-market case.",business valuer,Business Strategy & Focused Analysis,supporting,1,business-case development; no valuation evidence,weak,annotator_813,2026/8/22
C027,business_strategy_focused_analysis::http://data.europa.eu/esco/occupation/60082a99-d8ef-4e84-9290-78902681b6ed,http://data.europa.eu/esco/occupation/60082a99-d8ef-4e84-9290-78902681b6ed,business_strategy_focused_analysis,,,Market Research Analyst,turn broad research into concrete business recommendations,market research | customer interviews | market sizing | business case development | storylining,"Converted an industry scan into a launch question for one customer segment, tested willingness to pay through interviews, and drafted an initial route-to-market case.",business analyst,Business Strategy & Focused Analysis,core,2,,strong,annotator_813,2026/8/22
C027,business_strategy_focused_analysis::http://data.europa.eu/esco/occupation/66fb9704-0d56-4673-8e69-7823816b73e1,http://data.europa.eu/esco/occupation/66fb9704-0d56-4673-8e69-7823816b73e1,business_strategy_focused_analysis,,,Market Research Analyst,turn broad research into concrete business recommendations,market research | customer interviews | market sizing | business case development | storylining,"Converted an industry scan into a launch question for one customer segment, tested willingness to pay through interviews, and drafted an initial route-to-market case.",market research analyst,Business Strategy & Focused Analysis,overlap,2,,,annotator_813,2026/8/22
C027,business_strategy_focused_analysis::http://data.europa.eu/esco/occupation/6a29d804-f775-446c-bec7-35fc4e28ac97,http://data.europa.eu/esco/occupation/6a29d804-f775-446c-bec7-35fc4e28ac97,business_strategy_focused_analysis,,,Market Research Analyst,turn broad research into concrete business recommendations,market research | customer interviews | market sizing | business case development | storylining,"Converted an industry scan into a launch question for one customer segment, tested willingness to pay through interviews, and drafted an initial route-to-market case.",business consultant,Business Strategy & Focused Analysis,core,2,,,annotator_813,2026/8/22
C027,business_strategy_focused_analysis::http://data.europa.eu/esco/occupation/e16c2422-1323-4d8a-bd0f-c7584de70be1,http://data.europa.eu/esco/occupation/e16c2422-1323-4d8a-bd0f-c7584de70be1,business_strategy_focused_analysis,,,Market Research Analyst,turn broad research into concrete business recommendations,market research | customer interviews | market sizing | business case development | storylining,"Converted an industry scan into a launch question for one customer segment, tested willingness to pay through interviews, and drafted an initial route-to-market case.",pricing specialist,Business Strategy & Focused Analysis,supporting,1,willingness-to-pay research; no pricing ownership,moderate,annotator_813,2026/8/22
C027,data_analytics::http://data.europa.eu/esco/occupation/ac8b3cd1-a127-4e6a-8208-5cfcf7111955,http://data.europa.eu/esco/occupation/ac8b3cd1-a127-4e6a-8208-5cfcf7111955,data_analytics,,,Market Research Analyst,turn broad research into concrete business recommendations,market research | customer interviews | market sizing | business case development | storylining,"Converted an industry scan into a launch question for one customer segment, tested willingness to pay through interviews, and drafted an initial route-to-market case.",statistician,Data Analytics,overlap,0,,weak,annotator_813,2026/8/22
C027,data_analytics::http://data.europa.eu/esco/occupation/d3edb8f8-3a06-47a0-8fb9-9b212c006aa2,http://data.europa.eu/esco/occupation/d3edb8f8-3a06-47a0-8fb9-9b212c006aa2,data_analytics,,,Market Research Analyst,turn broad research into concrete business recommendations,market research | customer interviews | market sizing | business case development | storylining,"Converted an industry scan into a launch question for one customer segment, tested willingness to pay through interviews, and drafted an initial route-to-market case.",data analyst,Data Analytics,core,0,,,annotator_813,2026/8/22
C027,data_science::http://data.europa.eu/esco/occupation/258e46f9-0075-4a2e-adae-1ff0477e0f30,http://data.europa.eu/esco/occupation/258e46f9-0075-4a2e-adae-1ff0477e0f30,data_science,,,Market Research Analyst,turn broad research into concrete business recommendations,market research | customer interviews | market sizing | business case development | storylining,"Converted an industry scan into a launch question for one customer segment, tested willingness to pay through interviews, and drafted an initial route-to-market case.",data scientist,Data Science,core,0,,,annotator_813,2026/8/22
C027,data_science::http://data.europa.eu/esco/occupation/35553663-deab-4d9a-bf22-15c1625d28e8,http://data.europa.eu/esco/occupation/35553663-deab-4d9a-bf22-15c1625d28e8,data_science,,,Market Research Analyst,turn broad research into concrete business recommendations,market research | customer interviews | market sizing | business case development | storylining,"Converted an industry scan into a launch question for one customer segment, tested willingness to pay through interviews, and drafted an initial route-to-market case.",artificial intelligence engineer,Data Science,supporting,0,,,annotator_813,2026/8/22
C027,data_science::http://data.europa.eu/esco/occupation/ac8b3cd1-a127-4e6a-8208-5cfcf7111955,http://data.europa.eu/esco/occupation/ac8b3cd1-a127-4e6a-8208-5cfcf7111955,data_science,,,Market Research Analyst,turn broad research into concrete business recommendations,market research | customer interviews | market sizing | business case development | storylining,"Converted an industry scan into a launch question for one customer segment, tested willingness to pay through interviews, and drafted an initial route-to-market case.",statistician,Data Science,overlap,0,,,annotator_813,2026/8/22
C027,strategic_analysis::http://data.europa.eu/esco/occupation/4f49df98-98b8-4a9e-98ad-9c5557817eba,http://data.europa.eu/esco/occupation/4f49df98-98b8-4a9e-98ad-9c5557817eba,strategic_analysis,,,Market Research Analyst,turn broad research into concrete business recommendations,market research | customer interviews | market sizing | business case development | storylining,"Converted an industry scan into a launch question for one customer segment, tested willingness to pay through interviews, and drafted an initial route-to-market case.",strategic planning manager,Strategic Analysis,supporting,1,initial market-entry case; limited long-horizon analysis,strong,annotator_813,2026/8/22
C027,strategic_analysis::http://data.europa.eu/esco/occupation/56afc09a-75a0-49c7-a5cb-256df45d8f2d,http://data.europa.eu/esco/occupation/56afc09a-75a0-49c7-a5cb-256df45d8f2d,strategic_analysis,,,Market Research Analyst,turn broad research into concrete business recommendations,market research | customer interviews | market sizing | business case development | storylining,"Converted an industry scan into a launch question for one customer segment, tested willingness to pay through interviews, and drafted an initial route-to-market case.",economic adviser,Strategic Analysis,supporting,0,,,annotator_813,2026/8/22
C027,strategic_analysis::http://data.europa.eu/esco/occupation/66fb9704-0d56-4673-8e69-7823816b73e1,http://data.europa.eu/esco/occupation/66fb9704-0d56-4673-8e69-7823816b73e1,strategic_analysis,,,Market Research Analyst,turn broad research into concrete business recommendations,market research | customer interviews | market sizing | business case development | storylining,"Converted an industry scan into a launch question for one customer segment, tested willingness to pay through interviews, and drafted an initial route-to-market case.",market research analyst,Strategic Analysis,overlap,1,market research; limited long-horizon analysis,strong,annotator_813,2026/8/22
C027,strategic_analysis::http://data.europa.eu/esco/occupation/99492920-e5a5-4dba-9e5a-93193147198c,http://data.europa.eu/esco/occupation/99492920-e5a5-4dba-9e5a-93193147198c,strategic_analysis,,,Market Research Analyst,turn broad research into concrete business recommendations,market research | customer interviews | market sizing | business case development | storylining,"Converted an industry scan into a launch question for one customer segment, tested willingness to pay through interviews, and drafted an initial route-to-market case.",economist,Strategic Analysis,supporting,0,,weak,annotator_813,2026/8/22
C028,business_performance_goal_management::http://data.europa.eu/esco/occupation/4e4a291d-1d38-4c5a-812a-5827d0691b11,http://data.europa.eu/esco/occupation/4e4a291d-1d38-4c5a-812a-5827d0691b11,business_performance_goal_management,,,Project Support Specialist,contribute to business improvement studies,workshop coordination | documentation | Excel | presentation support,"Arranged workshops, kept decision logs and formatted project updates; independent diagnosis, analysis and recommendation ownership are not yet demonstrated.",budget analyst,Business Performance & Goal Management,supporting,0,coordination support; no budgeting or goal ownership,weak,annotator_813,2026/8/22
C028,business_performance_goal_management::http://data.europa.eu/esco/occupation/84871c2a-abd1-45eb-b03a-65e51a26fd84,http://data.europa.eu/esco/occupation/84871c2a-abd1-45eb-b03a-65e51a26fd84,business_performance_goal_management,,,Project Support Specialist,contribute to business improvement studies,workshop coordination | documentation | Excel | presentation support,"Arranged workshops, kept decision logs and formatted project updates; independent diagnosis, analysis and recommendation ownership are not yet demonstrated.",cost analyst,Business Performance & Goal Management,supporting,0,coordination support; no cost-analysis evidence,weak,annotator_813,2026/8/22
C028,business_performance_goal_management::http://data.europa.eu/esco/occupation/8d586ee9-0ab1-4155-a3b0-2ca786c8e48c,http://data.europa.eu/esco/occupation/8d586ee9-0ab1-4155-a3b0-2ca786c8e48c,business_performance_goal_management,,,Project Support Specialist,contribute to business improvement studies,workshop coordination | documentation | Excel | presentation support,"Arranged workshops, kept decision logs and formatted project updates; independent diagnosis, analysis and recommendation ownership are not yet demonstrated.",financial analyst,Business Performance & Goal Management,supporting,0,project support; no applied financial-analysis evidence,weak,annotator_813,2026/8/22
C028,business_performance_goal_management::http://data.europa.eu/esco/occupation/d3edb8f8-3a06-47a0-8fb9-9b212c006aa2,http://data.europa.eu/esco/occupation/d3edb8f8-3a06-47a0-8fb9-9b212c006aa2,business_performance_goal_management,,,Project Support Specialist,contribute to business improvement studies,workshop coordination | documentation | Excel | presentation support,"Arranged workshops, kept decision logs and formatted project updates; independent diagnosis, analysis and recommendation ownership are not yet demonstrated.",data analyst,Business Performance & Goal Management,overlap,0,reporting support; no business-performance analysis,weak,annotator_813,2026/8/22
C028,business_strategy_focused_analysis::http://data.europa.eu/esco/occupation/50760da6-abc3-424c-b159-8ddf0818e016,http://data.europa.eu/esco/occupation/50760da6-abc3-424c-b159-8ddf0818e016,business_strategy_focused_analysis,,,Project Support Specialist,contribute to business improvement studies,workshop coordination | documentation | Excel | presentation support,"Arranged workshops, kept decision logs and formatted project updates; independent diagnosis, analysis and recommendation ownership are not yet demonstrated.",business valuer,Business Strategy & Focused Analysis,supporting,0,,weak,annotator_813,2026/8/22
C028,business_strategy_focused_analysis::http://data.europa.eu/esco/occupation/60082a99-d8ef-4e84-9290-78902681b6ed,http://data.europa.eu/esco/occupation/60082a99-d8ef-4e84-9290-78902681b6ed,business_strategy_focused_analysis,,,Project Support Specialist,contribute to business improvement studies,workshop coordination | documentation | Excel | presentation support,"Arranged workshops, kept decision logs and formatted project updates; independent diagnosis, analysis and recommendation ownership are not yet demonstrated.",business analyst,Business Strategy & Focused Analysis,core,0,,weak,annotator_813,2026/8/22
C028,business_strategy_focused_analysis::http://data.europa.eu/esco/occupation/66fb9704-0d56-4673-8e69-7823816b73e1,http://data.europa.eu/esco/occupation/66fb9704-0d56-4673-8e69-7823816b73e1,business_strategy_focused_analysis,,,Project Support Specialist,contribute to business improvement studies,workshop coordination | documentation | Excel | presentation support,"Arranged workshops, kept decision logs and formatted project updates; independent diagnosis, analysis and recommendation ownership are not yet demonstrated.",market research analyst,Business Strategy & Focused Analysis,overlap,0,,weak,annotator_813,2026/8/22
C028,business_strategy_focused_analysis::http://data.europa.eu/esco/occupation/6a29d804-f775-446c-bec7-35fc4e28ac97,http://data.europa.eu/esco/occupation/6a29d804-f775-446c-bec7-35fc4e28ac97,business_strategy_focused_analysis,,,Project Support Specialist,contribute to business improvement studies,workshop coordination | documentation | Excel | presentation support,"Arranged workshops, kept decision logs and formatted project updates; independent diagnosis, analysis and recommendation ownership are not yet demonstrated.",business consultant,Business Strategy & Focused Analysis,core,0,,weak,annotator_813,2026/8/22
C028,business_strategy_focused_analysis::http://data.europa.eu/esco/occupation/e16c2422-1323-4d8a-bd0f-c7584de70be1,http://data.europa.eu/esco/occupation/e16c2422-1323-4d8a-bd0f-c7584de70be1,business_strategy_focused_analysis,,,Project Support Specialist,contribute to business improvement studies,workshop coordination | documentation | Excel | presentation support,"Arranged workshops, kept decision logs and formatted project updates; independent diagnosis, analysis and recommendation ownership are not yet demonstrated.",pricing specialist,Business Strategy & Focused Analysis,supporting,0,,weak,annotator_813,2026/8/22
C028,data_analytics::http://data.europa.eu/esco/occupation/ac8b3cd1-a127-4e6a-8208-5cfcf7111955,http://data.europa.eu/esco/occupation/ac8b3cd1-a127-4e6a-8208-5cfcf7111955,data_analytics,,,Project Support Specialist,contribute to business improvement studies,workshop coordination | documentation | Excel | presentation support,"Arranged workshops, kept decision logs and formatted project updates; independent diagnosis, analysis and recommendation ownership are not yet demonstrated.",statistician,Data Analytics,overlap,0,,weak,annotator_813,2026/8/22
C028,data_analytics::http://data.europa.eu/esco/occupation/d3edb8f8-3a06-47a0-8fb9-9b212c006aa2,http://data.europa.eu/esco/occupation/d3edb8f8-3a06-47a0-8fb9-9b212c006aa2,data_analytics,,,Project Support Specialist,contribute to business improvement studies,workshop coordination | documentation | Excel | presentation support,"Arranged workshops, kept decision logs and formatted project updates; independent diagnosis, analysis and recommendation ownership are not yet demonstrated.",data analyst,Data Analytics,core,0,,weak,annotator_813,2026/8/22
C028,data_science::http://data.europa.eu/esco/occupation/258e46f9-0075-4a2e-adae-1ff0477e0f30,http://data.europa.eu/esco/occupation/258e46f9-0075-4a2e-adae-1ff0477e0f30,data_science,,,Project Support Specialist,contribute to business improvement studies,workshop coordination | documentation | Excel | presentation support,"Arranged workshops, kept decision logs and formatted project updates; independent diagnosis, analysis and recommendation ownership are not yet demonstrated.",data scientist,Data Science,core,0,,weak,annotator_813,2026/8/22
C028,data_science::http://data.europa.eu/esco/occupation/35553663-deab-4d9a-bf22-15c1625d28e8,http://data.europa.eu/esco/occupation/35553663-deab-4d9a-bf22-15c1625d28e8,data_science,,,Project Support Specialist,contribute to business improvement studies,workshop coordination | documentation | Excel | presentation support,"Arranged workshops, kept decision logs and formatted project updates; independent diagnosis, analysis and recommendation ownership are not yet demonstrated.",artificial intelligence engineer,Data Science,supporting,0,,weak,annotator_813,2026/8/22
C028,data_science::http://data.europa.eu/esco/occupation/ac8b3cd1-a127-4e6a-8208-5cfcf7111955,http://data.europa.eu/esco/occupation/ac8b3cd1-a127-4e6a-8208-5cfcf7111955,data_science,,,Project Support Specialist,contribute to business improvement studies,workshop coordination | documentation | Excel | presentation support,"Arranged workshops, kept decision logs and formatted project updates; independent diagnosis, analysis and recommendation ownership are not yet demonstrated.",statistician,Data Science,overlap,0,,weak,annotator_813,2026/8/22
C028,strategic_analysis::http://data.europa.eu/esco/occupation/4f49df98-98b8-4a9e-98ad-9c5557817eba,http://data.europa.eu/esco/occupation/4f49df98-98b8-4a9e-98ad-9c5557817eba,strategic_analysis,,,Project Support Specialist,contribute to business improvement studies,workshop coordination | documentation | Excel | presentation support,"Arranged workshops, kept decision logs and formatted project updates; independent diagnosis, analysis and recommendation ownership are not yet demonstrated.",strategic planning manager,Strategic Analysis,supporting,0,,weak,annotator_813,2026/8/22
C028,strategic_analysis::http://data.europa.eu/esco/occupation/56afc09a-75a0-49c7-a5cb-256df45d8f2d,http://data.europa.eu/esco/occupation/56afc09a-75a0-49c7-a5cb-256df45d8f2d,strategic_analysis,,,Project Support Specialist,contribute to business improvement studies,workshop coordination | documentation | Excel | presentation support,"Arranged workshops, kept decision logs and formatted project updates; independent diagnosis, analysis and recommendation ownership are not yet demonstrated.",economic adviser,Strategic Analysis,supporting,0,,weak,annotator_813,2026/8/22
C028,strategic_analysis::http://data.europa.eu/esco/occupation/66fb9704-0d56-4673-8e69-7823816b73e1,http://data.europa.eu/esco/occupation/66fb9704-0d56-4673-8e69-7823816b73e1,strategic_analysis,,,Project Support Specialist,contribute to business improvement studies,workshop coordination | documentation | Excel | presentation support,"Arranged workshops, kept decision logs and formatted project updates; independent diagnosis, analysis and recommendation ownership are not yet demonstrated.",market research analyst,Strategic Analysis,overlap,0,,weak,annotator_813,2026/8/22
C028,strategic_analysis::http://data.europa.eu/esco/occupation/99492920-e5a5-4dba-9e5a-93193147198c,http://data.europa.eu/esco/occupation/99492920-e5a5-4dba-9e5a-93193147198c,strategic_analysis,,,Project Support Specialist,contribute to business improvement studies,workshop coordination | documentation | Excel | presentation support,"Arranged workshops, kept decision logs and formatted project updates; independent diagnosis, analysis and recommendation ownership are not yet demonstrated.",economist,Strategic Analysis,supporting,0,,weak,annotator_813,2026/8/22
C029,business_performance_goal_management::http://data.europa.eu/esco/occupation/4e4a291d-1d38-4c5a-812a-5827d0691b11,http://data.europa.eu/esco/occupation/4e4a291d-1d38-4c5a-812a-5827d0691b11,business_performance_goal_management,,,Commercial Strategy Analyst,evaluate specific revenue and customer choices,commercial analysis | profitability analysis | problem decomposition | business cases | stakeholder management,"Decomposed a margin problem by product and contract type, identified two controllable drivers, and built an implementation case with sales and operations.",budget analyst,Business Performance & Goal Management,supporting,1,profitability analysis; no budgeting evidence,moderate,annotator_813,2026/8/22
C029,business_performance_goal_management::http://data.europa.eu/esco/occupation/84871c2a-abd1-45eb-b03a-65e51a26fd84,http://data.europa.eu/esco/occupation/84871c2a-abd1-45eb-b03a-65e51a26fd84,business_performance_goal_management,,,Commercial Strategy Analyst,evaluate specific revenue and customer choices,commercial analysis | profitability analysis | problem decomposition | business cases | stakeholder management,"Decomposed a margin problem by product and contract type, identified two controllable drivers, and built an implementation case with sales and operations.",cost analyst,Business Performance & Goal Management,supporting,2,,moderate,annotator_813,2026/8/22
C029,business_performance_goal_management::http://data.europa.eu/esco/occupation/8d586ee9-0ab1-4155-a3b0-2ca786c8e48c,http://data.europa.eu/esco/occupation/8d586ee9-0ab1-4155-a3b0-2ca786c8e48c,business_performance_goal_management,,,Commercial Strategy Analyst,evaluate specific revenue and customer choices,commercial analysis | profitability analysis | problem decomposition | business cases | stakeholder management,"Decomposed a margin problem by product and contract type, identified two controllable drivers, and built an implementation case with sales and operations.",financial analyst,Business Performance & Goal Management,supporting,2,,,annotator_813,2026/8/22
C029,business_performance_goal_management::http://data.europa.eu/esco/occupation/d3edb8f8-3a06-47a0-8fb9-9b212c006aa2,http://data.europa.eu/esco/occupation/d3edb8f8-3a06-47a0-8fb9-9b212c006aa2,business_performance_goal_management,,,Commercial Strategy Analyst,evaluate specific revenue and customer choices,commercial analysis | profitability analysis | problem decomposition | business cases | stakeholder management,"Decomposed a margin problem by product and contract type, identified two controllable drivers, and built an implementation case with sales and operations.",data analyst,Business Performance & Goal Management,overlap,1,commercial analysis; no data-processing evidence,weak,annotator_813,2026/8/22
C029,business_strategy_focused_analysis::http://data.europa.eu/esco/occupation/50760da6-abc3-424c-b159-8ddf0818e016,http://data.europa.eu/esco/occupation/50760da6-abc3-424c-b159-8ddf0818e016,business_strategy_focused_analysis,,,Commercial Strategy Analyst,evaluate specific revenue and customer choices,commercial analysis | profitability analysis | problem decomposition | business cases | stakeholder management,"Decomposed a margin problem by product and contract type, identified two controllable drivers, and built an implementation case with sales and operations.",business valuer,Business Strategy & Focused Analysis,supporting,1,profitability analysis; no valuation evidence,weak,annotator_813,2026/8/22
C029,business_strategy_focused_analysis::http://data.europa.eu/esco/occupation/60082a99-d8ef-4e84-9290-78902681b6ed,http://data.europa.eu/esco/occupation/60082a99-d8ef-4e84-9290-78902681b6ed,business_strategy_focused_analysis,,,Commercial Strategy Analyst,evaluate specific revenue and customer choices,commercial analysis | profitability analysis | problem decomposition | business cases | stakeholder management,"Decomposed a margin problem by product and contract type, identified two controllable drivers, and built an implementation case with sales and operations.",business analyst,Business Strategy & Focused Analysis,core,2,,moderate,annotator_813,2026/8/22
C029,business_strategy_focused_analysis::http://data.europa.eu/esco/occupation/66fb9704-0d56-4673-8e69-7823816b73e1,http://data.europa.eu/esco/occupation/66fb9704-0d56-4673-8e69-7823816b73e1,business_strategy_focused_analysis,,,Commercial Strategy Analyst,evaluate specific revenue and customer choices,commercial analysis | profitability analysis | problem decomposition | business cases | stakeholder management,"Decomposed a margin problem by product and contract type, identified two controllable drivers, and built an implementation case with sales and operations.",market research analyst,Business Strategy & Focused Analysis,overlap,1,commercial analysis; no market-research evidence,weak,annotator_813,2026/8/22
C029,business_strategy_focused_analysis::http://data.europa.eu/esco/occupation/6a29d804-f775-446c-bec7-35fc4e28ac97,http://data.europa.eu/esco/occupation/6a29d804-f775-446c-bec7-35fc4e28ac97,business_strategy_focused_analysis,,,Commercial Strategy Analyst,evaluate specific revenue and customer choices,commercial analysis | profitability analysis | problem decomposition | business cases | stakeholder management,"Decomposed a margin problem by product and contract type, identified two controllable drivers, and built an implementation case with sales and operations.",business consultant,Business Strategy & Focused Analysis,core,2,,moderate,annotator_813,2026/8/22
C029,business_strategy_focused_analysis::http://data.europa.eu/esco/occupation/e16c2422-1323-4d8a-bd0f-c7584de70be1,http://data.europa.eu/esco/occupation/e16c2422-1323-4d8a-bd0f-c7584de70be1,business_strategy_focused_analysis,,,Commercial Strategy Analyst,evaluate specific revenue and customer choices,commercial analysis | profitability analysis | problem decomposition | business cases | stakeholder management,"Decomposed a margin problem by product and contract type, identified two controllable drivers, and built an implementation case with sales and operations.",pricing specialist,Business Strategy & Focused Analysis,supporting,1,margin analysis; no pricing evidence,strong,annotator_813,2026/8/22
C029,data_analytics::http://data.europa.eu/esco/occupation/ac8b3cd1-a127-4e6a-8208-5cfcf7111955,http://data.europa.eu/esco/occupation/ac8b3cd1-a127-4e6a-8208-5cfcf7111955,data_analytics,,,Commercial Strategy Analyst,evaluate specific revenue and customer choices,commercial analysis | profitability analysis | problem decomposition | business cases | stakeholder management,"Decomposed a margin problem by product and contract type, identified two controllable drivers, and built an implementation case with sales and operations.",statistician,Data Analytics,overlap,1,,moderate,annotator_813,2026/8/22
C029,data_analytics::http://data.europa.eu/esco/occupation/d3edb8f8-3a06-47a0-8fb9-9b212c006aa2,http://data.europa.eu/esco/occupation/d3edb8f8-3a06-47a0-8fb9-9b212c006aa2,data_analytics,,,Commercial Strategy Analyst,evaluate specific revenue and customer choices,commercial analysis | profitability analysis | problem decomposition | business cases | stakeholder management,"Decomposed a margin problem by product and contract type, identified two controllable drivers, and built an implementation case with sales and operations.",data analyst,Data Analytics,core,1,,moderate,annotator_813,2026/8/22
C029,data_science::http://data.europa.eu/esco/occupation/258e46f9-0075-4a2e-adae-1ff0477e0f30,http://data.europa.eu/esco/occupation/258e46f9-0075-4a2e-adae-1ff0477e0f30,data_science,,,Commercial Strategy Analyst,evaluate specific revenue and customer choices,commercial analysis | profitability analysis | problem decomposition | business cases | stakeholder management,"Decomposed a margin problem by product and contract type, identified two controllable drivers, and built an implementation case with sales and operations.",data scientist,Data Science,core,0,,,annotator_813,2026/8/22
C029,data_science::http://data.europa.eu/esco/occupation/35553663-deab-4d9a-bf22-15c1625d28e8,http://data.europa.eu/esco/occupation/35553663-deab-4d9a-bf22-15c1625d28e8,data_science,,,Commercial Strategy Analyst,evaluate specific revenue and customer choices,commercial analysis | profitability analysis | problem decomposition | business cases | stakeholder management,"Decomposed a margin problem by product and contract type, identified two controllable drivers, and built an implementation case with sales and operations.",artificial intelligence engineer,Data Science,supporting,0,,,annotator_813,2026/8/22
C029,data_science::http://data.europa.eu/esco/occupation/ac8b3cd1-a127-4e6a-8208-5cfcf7111955,http://data.europa.eu/esco/occupation/ac8b3cd1-a127-4e6a-8208-5cfcf7111955,data_science,,,Commercial Strategy Analyst,evaluate specific revenue and customer choices,commercial analysis | profitability analysis | problem decomposition | business cases | stakeholder management,"Decomposed a margin problem by product and contract type, identified two controllable drivers, and built an implementation case with sales and operations.",statistician,Data Science,overlap,0,,,annotator_813,2026/8/22
C029,strategic_analysis::http://data.europa.eu/esco/occupation/4f49df98-98b8-4a9e-98ad-9c5557817eba,http://data.europa.eu/esco/occupation/4f49df98-98b8-4a9e-98ad-9c5557817eba,strategic_analysis,,,Commercial Strategy Analyst,evaluate specific revenue and customer choices,commercial analysis | profitability analysis | problem decomposition | business cases | stakeholder management,"Decomposed a margin problem by product and contract type, identified two controllable drivers, and built an implementation case with sales and operations.",strategic planning manager,Strategic Analysis,supporting,1,commercial problem solving; no long-horizon strategy evidence,weak,annotator_813,2026/8/22
C029,strategic_analysis::http://data.europa.eu/esco/occupation/56afc09a-75a0-49c7-a5cb-256df45d8f2d,http://data.europa.eu/esco/occupation/56afc09a-75a0-49c7-a5cb-256df45d8f2d,strategic_analysis,,,Commercial Strategy Analyst,evaluate specific revenue and customer choices,commercial analysis | profitability analysis | problem decomposition | business cases | stakeholder management,"Decomposed a margin problem by product and contract type, identified two controllable drivers, and built an implementation case with sales and operations.",economic adviser,Strategic Analysis,supporting,1,profitability analysis; no economic advisory evidence,weak,annotator_813,2026/8/22
C029,strategic_analysis::http://data.europa.eu/esco/occupation/66fb9704-0d56-4673-8e69-7823816b73e1,http://data.europa.eu/esco/occupation/66fb9704-0d56-4673-8e69-7823816b73e1,strategic_analysis,,,Commercial Strategy Analyst,evaluate specific revenue and customer choices,commercial analysis | profitability analysis | problem decomposition | business cases | stakeholder management,"Decomposed a margin problem by product and contract type, identified two controllable drivers, and built an implementation case with sales and operations.",market research analyst,Strategic Analysis,overlap,0,,,annotator_813,2026/8/22
C029,strategic_analysis::http://data.europa.eu/esco/occupation/99492920-e5a5-4dba-9e5a-93193147198c,http://data.europa.eu/esco/occupation/99492920-e5a5-4dba-9e5a-93193147198c,strategic_analysis,,,Commercial Strategy Analyst,evaluate specific revenue and customer choices,commercial analysis | profitability analysis | problem decomposition | business cases | stakeholder management,"Decomposed a margin problem by product and contract type, identified two controllable drivers, and built an implementation case with sales and operations.",economist,Strategic Analysis,supporting,0,,,annotator_813,2026/8/22
C035,business_performance_goal_management::http://data.europa.eu/esco/occupation/4e4a291d-1d38-4c5a-812a-5827d0691b11,http://data.europa.eu/esco/occupation/4e4a291d-1d38-4c5a-812a-5827d0691b11,business_performance_goal_management,,,Strategy Operations Analyst,compare growth options and resolve defined operating questions,option comparison | commercial analysis | problem framing | implementation planning | stakeholder interviews,"Compared two partner-led growth paths using market and capability evidence, then investigated an onboarding bottleneck and set milestones for a controlled process change. Both broader option work and a bounded operating case shaped the recommendation.",budget analyst,Business Performance & Goal Management,supporting,0,,,annotator_813,2026/8/22
C035,business_performance_goal_management::http://data.europa.eu/esco/occupation/84871c2a-abd1-45eb-b03a-65e51a26fd84,http://data.europa.eu/esco/occupation/84871c2a-abd1-45eb-b03a-65e51a26fd84,business_performance_goal_management,,,Strategy Operations Analyst,compare growth options and resolve defined operating questions,option comparison | commercial analysis | problem framing | implementation planning | stakeholder interviews,"Compared two partner-led growth paths using market and capability evidence, then investigated an onboarding bottleneck and set milestones for a controlled process change. Both broader option work and a bounded operating case shaped the recommendation.",cost analyst,Business Performance & Goal Management,supporting,0,,,annotator_813,2026/8/22
C035,business_performance_goal_management::http://data.europa.eu/esco/occupation/8d586ee9-0ab1-4155-a3b0-2ca786c8e48c,http://data.europa.eu/esco/occupation/8d586ee9-0ab1-4155-a3b0-2ca786c8e48c,business_performance_goal_management,,,Strategy Operations Analyst,compare growth options and resolve defined operating questions,option comparison | commercial analysis | problem framing | implementation planning | stakeholder interviews,"Compared two partner-led growth paths using market and capability evidence, then investigated an onboarding bottleneck and set milestones for a controlled process change. Both broader option work and a bounded operating case shaped the recommendation.",financial analyst,Business Performance & Goal Management,supporting,1,commercial option analysis; not a recurring financial-performance cycle,moderate,annotator_813,2026/8/22
C035,business_performance_goal_management::http://data.europa.eu/esco/occupation/d3edb8f8-3a06-47a0-8fb9-9b212c006aa2,http://data.europa.eu/esco/occupation/d3edb8f8-3a06-47a0-8fb9-9b212c006aa2,business_performance_goal_management,,,Strategy Operations Analyst,compare growth options and resolve defined operating questions,option comparison | commercial analysis | problem framing | implementation planning | stakeholder interviews,"Compared two partner-led growth paths using market and capability evidence, then investigated an onboarding bottleneck and set milestones for a controlled process change. Both broader option work and a bounded operating case shaped the recommendation.",data analyst,Business Performance & Goal Management,overlap,0,,,annotator_813,2026/8/22
C035,business_strategy_focused_analysis::http://data.europa.eu/esco/occupation/50760da6-abc3-424c-b159-8ddf0818e016,http://data.europa.eu/esco/occupation/50760da6-abc3-424c-b159-8ddf0818e016,business_strategy_focused_analysis,,,Strategy Operations Analyst,compare growth options and resolve defined operating questions,option comparison | commercial analysis | problem framing | implementation planning | stakeholder interviews,"Compared two partner-led growth paths using market and capability evidence, then investigated an onboarding bottleneck and set milestones for a controlled process change. Both broader option work and a bounded operating case shaped the recommendation.",business valuer,Business Strategy & Focused Analysis,supporting,2,,strong,annotator_813,2026/8/22
C035,business_strategy_focused_analysis::http://data.europa.eu/esco/occupation/60082a99-d8ef-4e84-9290-78902681b6ed,http://data.europa.eu/esco/occupation/60082a99-d8ef-4e84-9290-78902681b6ed,business_strategy_focused_analysis,,,Strategy Operations Analyst,compare growth options and resolve defined operating questions,option comparison | commercial analysis | problem framing | implementation planning | stakeholder interviews,"Compared two partner-led growth paths using market and capability evidence, then investigated an onboarding bottleneck and set milestones for a controlled process change. Both broader option work and a bounded operating case shaped the recommendation.",business analyst,Business Strategy & Focused Analysis,core,2,,,annotator_813,2026/8/22
C035,business_strategy_focused_analysis::http://data.europa.eu/esco/occupation/66fb9704-0d56-4673-8e69-7823816b73e1,http://data.europa.eu/esco/occupation/66fb9704-0d56-4673-8e69-7823816b73e1,business_strategy_focused_analysis,,,Strategy Operations Analyst,compare growth options and resolve defined operating questions,option comparison | commercial analysis | problem framing | implementation planning | stakeholder interviews,"Compared two partner-led growth paths using market and capability evidence, then investigated an onboarding bottleneck and set milestones for a controlled process change. Both broader option work and a bounded operating case shaped the recommendation.",market research analyst,Business Strategy & Focused Analysis,overlap,2,,,annotator_813,2026/8/22
C035,business_strategy_focused_analysis::http://data.europa.eu/esco/occupation/6a29d804-f775-446c-bec7-35fc4e28ac97,http://data.europa.eu/esco/occupation/6a29d804-f775-446c-bec7-35fc4e28ac97,business_strategy_focused_analysis,,,Strategy Operations Analyst,compare growth options and resolve defined operating questions,option comparison | commercial analysis | problem framing | implementation planning | stakeholder interviews,"Compared two partner-led growth paths using market and capability evidence, then investigated an onboarding bottleneck and set milestones for a controlled process change. Both broader option work and a bounded operating case shaped the recommendation.",business consultant,Business Strategy & Focused Analysis,core,2,,,annotator_813,2026/8/22
C035,business_strategy_focused_analysis::http://data.europa.eu/esco/occupation/e16c2422-1323-4d8a-bd0f-c7584de70be1,http://data.europa.eu/esco/occupation/e16c2422-1323-4d8a-bd0f-c7584de70be1,business_strategy_focused_analysis,,,Strategy Operations Analyst,compare growth options and resolve defined operating questions,option comparison | commercial analysis | problem framing | implementation planning | stakeholder interviews,"Compared two partner-led growth paths using market and capability evidence, then investigated an onboarding bottleneck and set milestones for a controlled process change. Both broader option work and a bounded operating case shaped the recommendation.",pricing specialist,Business Strategy & Focused Analysis,supporting,1,commercial analysis; no pricing evidence,moderate,annotator_813,2026/8/22
C035,data_analytics::http://data.europa.eu/esco/occupation/ac8b3cd1-a127-4e6a-8208-5cfcf7111955,http://data.europa.eu/esco/occupation/ac8b3cd1-a127-4e6a-8208-5cfcf7111955,data_analytics,,,Strategy Operations Analyst,compare growth options and resolve defined operating questions,option comparison | commercial analysis | problem framing | implementation planning | stakeholder interviews,"Compared two partner-led growth paths using market and capability evidence, then investigated an onboarding bottleneck and set milestones for a controlled process change. Both broader option work and a bounded operating case shaped the recommendation.",statistician,Data Analytics,overlap,0,,,annotator_813,2026/8/22
C035,data_analytics::http://data.europa.eu/esco/occupation/d3edb8f8-3a06-47a0-8fb9-9b212c006aa2,http://data.europa.eu/esco/occupation/d3edb8f8-3a06-47a0-8fb9-9b212c006aa2,data_analytics,,,Strategy Operations Analyst,compare growth options and resolve defined operating questions,option comparison | commercial analysis | problem framing | implementation planning | stakeholder interviews,"Compared two partner-led growth paths using market and capability evidence, then investigated an onboarding bottleneck and set milestones for a controlled process change. Both broader option work and a bounded operating case shaped the recommendation.",data analyst,Data Analytics,core,0,evidence synthesis; no data-processing or reusable-data evidence,,annotator_813,2026/8/22
C035,data_science::http://data.europa.eu/esco/occupation/258e46f9-0075-4a2e-adae-1ff0477e0f30,http://data.europa.eu/esco/occupation/258e46f9-0075-4a2e-adae-1ff0477e0f30,data_science,,,Strategy Operations Analyst,compare growth options and resolve defined operating questions,option comparison | commercial analysis | problem framing | implementation planning | stakeholder interviews,"Compared two partner-led growth paths using market and capability evidence, then investigated an onboarding bottleneck and set milestones for a controlled process change. Both broader option work and a bounded operating case shaped the recommendation.",data scientist,Data Science,core,0,,,annotator_813,2026/8/22
C035,data_science::http://data.europa.eu/esco/occupation/35553663-deab-4d9a-bf22-15c1625d28e8,http://data.europa.eu/esco/occupation/35553663-deab-4d9a-bf22-15c1625d28e8,data_science,,,Strategy Operations Analyst,compare growth options and resolve defined operating questions,option comparison | commercial analysis | problem framing | implementation planning | stakeholder interviews,"Compared two partner-led growth paths using market and capability evidence, then investigated an onboarding bottleneck and set milestones for a controlled process change. Both broader option work and a bounded operating case shaped the recommendation.",artificial intelligence engineer,Data Science,supporting,0,,,annotator_813,2026/8/22
C035,data_science::http://data.europa.eu/esco/occupation/ac8b3cd1-a127-4e6a-8208-5cfcf7111955,http://data.europa.eu/esco/occupation/ac8b3cd1-a127-4e6a-8208-5cfcf7111955,data_science,,,Strategy Operations Analyst,compare growth options and resolve defined operating questions,option comparison | commercial analysis | problem framing | implementation planning | stakeholder interviews,"Compared two partner-led growth paths using market and capability evidence, then investigated an onboarding bottleneck and set milestones for a controlled process change. Both broader option work and a bounded operating case shaped the recommendation.",statistician,Data Science,overlap,0,,,annotator_813,2026/8/22
C035,strategic_analysis::http://data.europa.eu/esco/occupation/4f49df98-98b8-4a9e-98ad-9c5557817eba,http://data.europa.eu/esco/occupation/4f49df98-98b8-4a9e-98ad-9c5557817eba,strategic_analysis,,,Strategy Operations Analyst,compare growth options and resolve defined operating questions,option comparison | commercial analysis | problem framing | implementation planning | stakeholder interviews,"Compared two partner-led growth paths using market and capability evidence, then investigated an onboarding bottleneck and set milestones for a controlled process change. Both broader option work and a bounded operating case shaped the recommendation.",strategic planning manager,Strategic Analysis,supporting,2,,,annotator_813,2026/8/22
C035,strategic_analysis::http://data.europa.eu/esco/occupation/56afc09a-75a0-49c7-a5cb-256df45d8f2d,http://data.europa.eu/esco/occupation/56afc09a-75a0-49c7-a5cb-256df45d8f2d,strategic_analysis,,,Strategy Operations Analyst,compare growth options and resolve defined operating questions,option comparison | commercial analysis | problem framing | implementation planning | stakeholder interviews,"Compared two partner-led growth paths using market and capability evidence, then investigated an onboarding bottleneck and set milestones for a controlled process change. Both broader option work and a bounded operating case shaped the recommendation.",economic adviser,Strategic Analysis,supporting,2,,,annotator_813,2026/8/22
C035,strategic_analysis::http://data.europa.eu/esco/occupation/66fb9704-0d56-4673-8e69-7823816b73e1,http://data.europa.eu/esco/occupation/66fb9704-0d56-4673-8e69-7823816b73e1,strategic_analysis,,,Strategy Operations Analyst,compare growth options and resolve defined operating questions,option comparison | commercial analysis | problem framing | implementation planning | stakeholder interviews,"Compared two partner-led growth paths using market and capability evidence, then investigated an onboarding bottleneck and set milestones for a controlled process change. Both broader option work and a bounded operating case shaped the recommendation.",market research analyst,Strategic Analysis,overlap,2,,,annotator_813,2026/8/22
C035,strategic_analysis::http://data.europa.eu/esco/occupation/99492920-e5a5-4dba-9e5a-93193147198c,http://data.europa.eu/esco/occupation/99492920-e5a5-4dba-9e5a-93193147198c,strategic_analysis,,,Strategy Operations Analyst,compare growth options and resolve defined operating questions,option comparison | commercial analysis | problem framing | implementation planning | stakeholder interviews,"Compared two partner-led growth paths using market and capability evidence, then investigated an onboarding bottleneck and set milestones for a controlled process change. Both broader option work and a bounded operating case shaped the recommendation.",economist,Strategic Analysis,supporting,1,market analysis; no economic theory or modelling evidence,moderate,annotator_813,2026/8/22
C037,business_performance_goal_management::http://data.europa.eu/esco/occupation/4e4a291d-1d38-4c5a-812a-5827d0691b11,http://data.europa.eu/esco/occupation/4e4a291d-1d38-4c5a-812a-5827d0691b11,business_performance_goal_management,,,Product Data Analyst,build reusable evidence for product decisions,SQL | metric design | data modelling | cohort analysis | data visualisation,"Defined activation and retention measures, created a governed analysis table, and used cohort patterns to explain where new-user behaviour changed.",budget analyst,Business Performance & Goal Management,supporting,0,,,annotator_813,2026/8/22
C037,business_performance_goal_management::http://data.europa.eu/esco/occupation/84871c2a-abd1-45eb-b03a-65e51a26fd84,http://data.europa.eu/esco/occupation/84871c2a-abd1-45eb-b03a-65e51a26fd84,business_performance_goal_management,,,Product Data Analyst,build reusable evidence for product decisions,SQL | metric design | data modelling | cohort analysis | data visualisation,"Defined activation and retention measures, created a governed analysis table, and used cohort patterns to explain where new-user behaviour changed.",cost analyst,Business Performance & Goal Management,supporting,0,,,annotator_813,2026/8/22
C037,business_performance_goal_management::http://data.europa.eu/esco/occupation/8d586ee9-0ab1-4155-a3b0-2ca786c8e48c,http://data.europa.eu/esco/occupation/8d586ee9-0ab1-4155-a3b0-2ca786c8e48c,business_performance_goal_management,,,Product Data Analyst,build reusable evidence for product decisions,SQL | metric design | data modelling | cohort analysis | data visualisation,"Defined activation and retention measures, created a governed analysis table, and used cohort patterns to explain where new-user behaviour changed.",financial analyst,Business Performance & Goal Management,supporting,0,,,annotator_813,2026/8/22
C037,business_performance_goal_management::http://data.europa.eu/esco/occupation/d3edb8f8-3a06-47a0-8fb9-9b212c006aa2,http://data.europa.eu/esco/occupation/d3edb8f8-3a06-47a0-8fb9-9b212c006aa2,business_performance_goal_management,,,Product Data Analyst,build reusable evidence for product decisions,SQL | metric design | data modelling | cohort analysis | data visualisation,"Defined activation and retention measures, created a governed analysis table, and used cohort patterns to explain where new-user behaviour changed.",data analyst,Business Performance & Goal Management,overlap,1,diagnostic data analysis; no recurring performance-management loop,strong,annotator_813,2026/8/22
C037,business_strategy_focused_analysis::http://data.europa.eu/esco/occupation/50760da6-abc3-424c-b159-8ddf0818e016,http://data.europa.eu/esco/occupation/50760da6-abc3-424c-b159-8ddf0818e016,business_strategy_focused_analysis,,,Product Data Analyst,build reusable evidence for product decisions,SQL | metric design | data modelling | cohort analysis | data visualisation,"Defined activation and retention measures, created a governed analysis table, and used cohort patterns to explain where new-user behaviour changed.",business valuer,Business Strategy & Focused Analysis,supporting,1,data analysis; no valuation evidence,moderate,annotator_813,2026/8/22
C037,business_strategy_focused_analysis::http://data.europa.eu/esco/occupation/60082a99-d8ef-4e84-9290-78902681b6ed,http://data.europa.eu/esco/occupation/60082a99-d8ef-4e84-9290-78902681b6ed,business_strategy_focused_analysis,,,Product Data Analyst,build reusable evidence for product decisions,SQL | metric design | data modelling | cohort analysis | data visualisation,"Defined activation and retention measures, created a governed analysis table, and used cohort patterns to explain where new-user behaviour changed.",business analyst,Business Strategy & Focused Analysis,core,2,,strong,annotator_813,2026/8/22
C037,business_strategy_focused_analysis::http://data.europa.eu/esco/occupation/66fb9704-0d56-4673-8e69-7823816b73e1,http://data.europa.eu/esco/occupation/66fb9704-0d56-4673-8e69-7823816b73e1,business_strategy_focused_analysis,,,Product Data Analyst,build reusable evidence for product decisions,SQL | metric design | data modelling | cohort analysis | data visualisation,"Defined activation and retention measures, created a governed analysis table, and used cohort patterns to explain where new-user behaviour changed.",market research analyst,Business Strategy & Focused Analysis,overlap,1,product analytics; no market-research evidence,weak,annotator_813,2026/8/22
C037,business_strategy_focused_analysis::http://data.europa.eu/esco/occupation/6a29d804-f775-446c-bec7-35fc4e28ac97,http://data.europa.eu/esco/occupation/6a29d804-f775-446c-bec7-35fc4e28ac97,business_strategy_focused_analysis,,,Product Data Analyst,build reusable evidence for product decisions,SQL | metric design | data modelling | cohort analysis | data visualisation,"Defined activation and retention measures, created a governed analysis table, and used cohort patterns to explain where new-user behaviour changed.",business consultant,Business Strategy & Focused Analysis,core,1,product diagnosis; no enterprise consulting recommendation,moderate,annotator_813,2026/8/22
C037,business_strategy_focused_analysis::http://data.europa.eu/esco/occupation/e16c2422-1323-4d8a-bd0f-c7584de70be1,http://data.europa.eu/esco/occupation/e16c2422-1323-4d8a-bd0f-c7584de70be1,business_strategy_focused_analysis,,,Product Data Analyst,build reusable evidence for product decisions,SQL | metric design | data modelling | cohort analysis | data visualisation,"Defined activation and retention measures, created a governed analysis table, and used cohort patterns to explain where new-user behaviour changed.",pricing specialist,Business Strategy & Focused Analysis,supporting,1,product analytics; no pricing evidence,weak,annotator_813,2026/8/22
C037,data_analytics::http://data.europa.eu/esco/occupation/ac8b3cd1-a127-4e6a-8208-5cfcf7111955,http://data.europa.eu/esco/occupation/ac8b3cd1-a127-4e6a-8208-5cfcf7111955,data_analytics,,,Product Data Analyst,build reusable evidence for product decisions,SQL | metric design | data modelling | cohort analysis | data visualisation,"Defined activation and retention measures, created a governed analysis table, and used cohort patterns to explain where new-user behaviour changed.",statistician,Data Analytics,overlap,2,,strong,annotator_813,2026/8/22
C037,data_analytics::http://data.europa.eu/esco/occupation/d3edb8f8-3a06-47a0-8fb9-9b212c006aa2,http://data.europa.eu/esco/occupation/d3edb8f8-3a06-47a0-8fb9-9b212c006aa2,data_analytics,,,Product Data Analyst,build reusable evidence for product decisions,SQL | metric design | data modelling | cohort analysis | data visualisation,"Defined activation and retention measures, created a governed analysis table, and used cohort patterns to explain where new-user behaviour changed.",data analyst,Data Analytics,core,2,,strong,annotator_813,2026/8/22
C037,data_science::http://data.europa.eu/esco/occupation/258e46f9-0075-4a2e-adae-1ff0477e0f30,http://data.europa.eu/esco/occupation/258e46f9-0075-4a2e-adae-1ff0477e0f30,data_science,,,Product Data Analyst,build reusable evidence for product decisions,SQL | metric design | data modelling | cohort analysis | data visualisation,"Defined activation and retention measures, created a governed analysis table, and used cohort patterns to explain where new-user behaviour changed.",data scientist,Data Science,core,2,data modelling and governed analytical evidence,,annotator_813,2026/8/22
C037,data_science::http://data.europa.eu/esco/occupation/35553663-deab-4d9a-bf22-15c1625d28e8,http://data.europa.eu/esco/occupation/35553663-deab-4d9a-bf22-15c1625d28e8,data_science,,,Product Data Analyst,build reusable evidence for product decisions,SQL | metric design | data modelling | cohort analysis | data visualisation,"Defined activation and retention measures, created a governed analysis table, and used cohort patterns to explain where new-user behaviour changed.",artificial intelligence engineer,Data Science,supporting,0,data modelling; no AI-system engineering evidence,,annotator_813,2026/8/22
C037,data_science::http://data.europa.eu/esco/occupation/ac8b3cd1-a127-4e6a-8208-5cfcf7111955,http://data.europa.eu/esco/occupation/ac8b3cd1-a127-4e6a-8208-5cfcf7111955,data_science,,,Product Data Analyst,build reusable evidence for product decisions,SQL | metric design | data modelling | cohort analysis | data visualisation,"Defined activation and retention measures, created a governed analysis table, and used cohort patterns to explain where new-user behaviour changed.",statistician,Data Science,overlap,1,cohort analysis; no predictive or experimental modelling,weak,annotator_813,2026/8/22
C037,strategic_analysis::http://data.europa.eu/esco/occupation/4f49df98-98b8-4a9e-98ad-9c5557817eba,http://data.europa.eu/esco/occupation/4f49df98-98b8-4a9e-98ad-9c5557817eba,strategic_analysis,,,Product Data Analyst,build reusable evidence for product decisions,SQL | metric design | data modelling | cohort analysis | data visualisation,"Defined activation and retention measures, created a governed analysis table, and used cohort patterns to explain where new-user behaviour changed.",strategic planning manager,Strategic Analysis,supporting,0,recurring product analysis; no long-horizon strategy evidence,,annotator_813,2026/8/22
C037,strategic_analysis::http://data.europa.eu/esco/occupation/56afc09a-75a0-49c7-a5cb-256df45d8f2d,http://data.europa.eu/esco/occupation/56afc09a-75a0-49c7-a5cb-256df45d8f2d,strategic_analysis,,,Product Data Analyst,build reusable evidence for product decisions,SQL | metric design | data modelling | cohort analysis | data visualisation,"Defined activation and retention measures, created a governed analysis table, and used cohort patterns to explain where new-user behaviour changed.",economic adviser,Strategic Analysis,supporting,0,,,annotator_813,2026/8/22
C037,strategic_analysis::http://data.europa.eu/esco/occupation/66fb9704-0d56-4673-8e69-7823816b73e1,http://data.europa.eu/esco/occupation/66fb9704-0d56-4673-8e69-7823816b73e1,strategic_analysis,,,Product Data Analyst,build reusable evidence for product decisions,SQL | metric design | data modelling | cohort analysis | data visualisation,"Defined activation and retention measures, created a governed analysis table, and used cohort patterns to explain where new-user behaviour changed.",market research analyst,Strategic Analysis,overlap,0,,,annotator_813,2026/8/22
C037,strategic_analysis::http://data.europa.eu/esco/occupation/99492920-e5a5-4dba-9e5a-93193147198c,http://data.europa.eu/esco/occupation/99492920-e5a5-4dba-9e5a-93193147198c,strategic_analysis,,,Product Data Analyst,build reusable evidence for product decisions,SQL | metric design | data modelling | cohort analysis | data visualisation,"Defined activation and retention measures, created a governed analysis table, and used cohort patterns to explain where new-user behaviour changed.",economist,Strategic Analysis,supporting,0,,,annotator_813,2026/8/22
C039,business_performance_goal_management::http://data.europa.eu/esco/occupation/4e4a291d-1d38-4c5a-812a-5827d0691b11,http://data.europa.eu/esco/occupation/4e4a291d-1d38-4c5a-812a-5827d0691b11,business_performance_goal_management,,,Commercial Analyst,move from spreadsheet analysis to reusable data products,SQL | Excel | data validation | commercial analysis | requirements gathering,"Analysed campaign returns in spreadsheets and SQL, documented the calculation logic, and partnered with an engineer to make the dataset refreshable.",budget analyst,Business Performance & Goal Management,supporting,0,,,annotator_813,2026/8/22
C039,business_performance_goal_management::http://data.europa.eu/esco/occupation/84871c2a-abd1-45eb-b03a-65e51a26fd84,http://data.europa.eu/esco/occupation/84871c2a-abd1-45eb-b03a-65e51a26fd84,business_performance_goal_management,,,Commercial Analyst,move from spreadsheet analysis to reusable data products,SQL | Excel | data validation | commercial analysis | requirements gathering,"Analysed campaign returns in spreadsheets and SQL, documented the calculation logic, and partnered with an engineer to make the dataset refreshable.",cost analyst,Business Performance & Goal Management,supporting,0,,,annotator_813,2026/8/22
C039,business_performance_goal_management::http://data.europa.eu/esco/occupation/8d586ee9-0ab1-4155-a3b0-2ca786c8e48c,http://data.europa.eu/esco/occupation/8d586ee9-0ab1-4155-a3b0-2ca786c8e48c,business_performance_goal_management,,,Commercial Analyst,move from spreadsheet analysis to reusable data products,SQL | Excel | data validation | commercial analysis | requirements gathering,"Analysed campaign returns in spreadsheets and SQL, documented the calculation logic, and partnered with an engineer to make the dataset refreshable.",financial analyst,Business Performance & Goal Management,supporting,0,,,annotator_813,2026/8/22
C039,business_performance_goal_management::http://data.europa.eu/esco/occupation/d3edb8f8-3a06-47a0-8fb9-9b212c006aa2,http://data.europa.eu/esco/occupation/d3edb8f8-3a06-47a0-8fb9-9b212c006aa2,business_performance_goal_management,,,Commercial Analyst,move from spreadsheet analysis to reusable data products,SQL | Excel | data validation | commercial analysis | requirements gathering,"Analysed campaign returns in spreadsheets and SQL, documented the calculation logic, and partnered with an engineer to make the dataset refreshable.",data analyst,Business Performance & Goal Management,overlap,1,data-analysis experience; no recurring performance-management loop,moderate,annotator_813,2026/8/22
C039,business_strategy_focused_analysis::http://data.europa.eu/esco/occupation/50760da6-abc3-424c-b159-8ddf0818e016,http://data.europa.eu/esco/occupation/50760da6-abc3-424c-b159-8ddf0818e016,business_strategy_focused_analysis,,,Commercial Analyst,move from spreadsheet analysis to reusable data products,SQL | Excel | data validation | commercial analysis | requirements gathering,"Analysed campaign returns in spreadsheets and SQL, documented the calculation logic, and partnered with an engineer to make the dataset refreshable.",business valuer,Business Strategy & Focused Analysis,supporting,1,commercial analysis; no valuation evidence,moderate,annotator_813,2026/8/22
C039,business_strategy_focused_analysis::http://data.europa.eu/esco/occupation/60082a99-d8ef-4e84-9290-78902681b6ed,http://data.europa.eu/esco/occupation/60082a99-d8ef-4e84-9290-78902681b6ed,business_strategy_focused_analysis,,,Commercial Analyst,move from spreadsheet analysis to reusable data products,SQL | Excel | data validation | commercial analysis | requirements gathering,"Analysed campaign returns in spreadsheets and SQL, documented the calculation logic, and partnered with an engineer to make the dataset refreshable.",business analyst,Business Strategy & Focused Analysis,core,1,requirements gathering; limited business-diagnosis evidence,moderate,annotator_813,2026/8/22
C039,business_strategy_focused_analysis::http://data.europa.eu/esco/occupation/66fb9704-0d56-4673-8e69-7823816b73e1,http://data.europa.eu/esco/occupation/66fb9704-0d56-4673-8e69-7823816b73e1,business_strategy_focused_analysis,,,Commercial Analyst,move from spreadsheet analysis to reusable data products,SQL | Excel | data validation | commercial analysis | requirements gathering,"Analysed campaign returns in spreadsheets and SQL, documented the calculation logic, and partnered with an engineer to make the dataset refreshable.",market research analyst,Business Strategy & Focused Analysis,overlap,1,commercial analysis; no market-research evidence,weak,annotator_813,2026/8/22
C039,business_strategy_focused_analysis::http://data.europa.eu/esco/occupation/6a29d804-f775-446c-bec7-35fc4e28ac97,http://data.europa.eu/esco/occupation/6a29d804-f775-446c-bec7-35fc4e28ac97,business_strategy_focused_analysis,,,Commercial Analyst,move from spreadsheet analysis to reusable data products,SQL | Excel | data validation | commercial analysis | requirements gathering,"Analysed campaign returns in spreadsheets and SQL, documented the calculation logic, and partnered with an engineer to make the dataset refreshable.",business consultant,Business Strategy & Focused Analysis,core,0,,,annotator_813,2026/8/22
C039,business_strategy_focused_analysis::http://data.europa.eu/esco/occupation/e16c2422-1323-4d8a-bd0f-c7584de70be1,http://data.europa.eu/esco/occupation/e16c2422-1323-4d8a-bd0f-c7584de70be1,business_strategy_focused_analysis,,,Commercial Analyst,move from spreadsheet analysis to reusable data products,SQL | Excel | data validation | commercial analysis | requirements gathering,"Analysed campaign returns in spreadsheets and SQL, documented the calculation logic, and partnered with an engineer to make the dataset refreshable.",pricing specialist,Business Strategy & Focused Analysis,supporting,1,commercial analysis; no pricing evidence,moderate,annotator_813,2026/8/22
C039,data_analytics::http://data.europa.eu/esco/occupation/ac8b3cd1-a127-4e6a-8208-5cfcf7111955,http://data.europa.eu/esco/occupation/ac8b3cd1-a127-4e6a-8208-5cfcf7111955,data_analytics,,,Commercial Analyst,move from spreadsheet analysis to reusable data products,SQL | Excel | data validation | commercial analysis | requirements gathering,"Analysed campaign returns in spreadsheets and SQL, documented the calculation logic, and partnered with an engineer to make the dataset refreshable.",statistician,Data Analytics,overlap,1,data-processing experience; no statistical-method evidence,weak,annotator_813,2026/8/22
C039,data_analytics::http://data.europa.eu/esco/occupation/d3edb8f8-3a06-47a0-8fb9-9b212c006aa2,http://data.europa.eu/esco/occupation/d3edb8f8-3a06-47a0-8fb9-9b212c006aa2,data_analytics,,,Commercial Analyst,move from spreadsheet analysis to reusable data products,SQL | Excel | data validation | commercial analysis | requirements gathering,"Analysed campaign returns in spreadsheets and SQL, documented the calculation logic, and partnered with an engineer to make the dataset refreshable.",data analyst,Data Analytics,core,2,,strong,annotator_813,2026/8/22
C039,data_science::http://data.europa.eu/esco/occupation/258e46f9-0075-4a2e-adae-1ff0477e0f30,http://data.europa.eu/esco/occupation/258e46f9-0075-4a2e-adae-1ff0477e0f30,data_science,,,Commercial Analyst,move from spreadsheet analysis to reusable data products,SQL | Excel | data validation | commercial analysis | requirements gathering,"Analysed campaign returns in spreadsheets and SQL, documented the calculation logic, and partnered with an engineer to make the dataset refreshable.",data scientist,Data Science,core,1,,weak,annotator_813,2026/8/22
C039,data_science::http://data.europa.eu/esco/occupation/35553663-deab-4d9a-bf22-15c1625d28e8,http://data.europa.eu/esco/occupation/35553663-deab-4d9a-bf22-15c1625d28e8,data_science,,,Commercial Analyst,move from spreadsheet analysis to reusable data products,SQL | Excel | data validation | commercial analysis | requirements gathering,"Analysed campaign returns in spreadsheets and SQL, documented the calculation logic, and partnered with an engineer to make the dataset refreshable.",artificial intelligence engineer,Data Science,supporting,0,,,annotator_813,2026/8/22
C039,data_science::http://data.europa.eu/esco/occupation/ac8b3cd1-a127-4e6a-8208-5cfcf7111955,http://data.europa.eu/esco/occupation/ac8b3cd1-a127-4e6a-8208-5cfcf7111955,data_science,,,Commercial Analyst,move from spreadsheet analysis to reusable data products,SQL | Excel | data validation | commercial analysis | requirements gathering,"Analysed campaign returns in spreadsheets and SQL, documented the calculation logic, and partnered with an engineer to make the dataset refreshable.",statistician,Data Science,overlap,0,,,annotator_813,2026/8/22
C039,strategic_analysis::http://data.europa.eu/esco/occupation/4f49df98-98b8-4a9e-98ad-9c5557817eba,http://data.europa.eu/esco/occupation/4f49df98-98b8-4a9e-98ad-9c5557817eba,strategic_analysis,,,Commercial Analyst,move from spreadsheet analysis to reusable data products,SQL | Excel | data validation | commercial analysis | requirements gathering,"Analysed campaign returns in spreadsheets and SQL, documented the calculation logic, and partnered with an engineer to make the dataset refreshable.",strategic planning manager,Strategic Analysis,supporting,1,commercial analysis; no long-horizon strategy evidence,weak,annotator_813,2026/8/22
C039,strategic_analysis::http://data.europa.eu/esco/occupation/56afc09a-75a0-49c7-a5cb-256df45d8f2d,http://data.europa.eu/esco/occupation/56afc09a-75a0-49c7-a5cb-256df45d8f2d,strategic_analysis,,,Commercial Analyst,move from spreadsheet analysis to reusable data products,SQL | Excel | data validation | commercial analysis | requirements gathering,"Analysed campaign returns in spreadsheets and SQL, documented the calculation logic, and partnered with an engineer to make the dataset refreshable.",economic adviser,Strategic Analysis,supporting,0,,,annotator_813,2026/8/22
C039,strategic_analysis::http://data.europa.eu/esco/occupation/66fb9704-0d56-4673-8e69-7823816b73e1,http://data.europa.eu/esco/occupation/66fb9704-0d56-4673-8e69-7823816b73e1,strategic_analysis,,,Commercial Analyst,move from spreadsheet analysis to reusable data products,SQL | Excel | data validation | commercial analysis | requirements gathering,"Analysed campaign returns in spreadsheets and SQL, documented the calculation logic, and partnered with an engineer to make the dataset refreshable.",market research analyst,Strategic Analysis,overlap,0,,,annotator_813,2026/8/22
C039,strategic_analysis::http://data.europa.eu/esco/occupation/99492920-e5a5-4dba-9e5a-93193147198c,http://data.europa.eu/esco/occupation/99492920-e5a5-4dba-9e5a-93193147198c,strategic_analysis,,,Commercial Analyst,move from spreadsheet analysis to reusable data products,SQL | Excel | data validation | commercial analysis | requirements gathering,"Analysed campaign returns in spreadsheets and SQL, documented the calculation logic, and partnered with an engineer to make the dataset refreshable.",economist,Strategic Analysis,supporting,0,,,annotator_813,2026/8/22
C040,business_performance_goal_management::http://data.europa.eu/esco/occupation/4e4a291d-1d38-4c5a-812a-5827d0691b11,http://data.europa.eu/esco/occupation/4e4a291d-1d38-4c5a-812a-5827d0691b11,business_performance_goal_management,,,Reporting Assistant,develop stronger analytical reporting skills,Excel | report preparation | quality checks | documentation,"Downloaded standard reports, corrected formatting issues and circulated weekly files; there is little evidence of metric design or independent diagnosis.",budget analyst,Business Performance & Goal Management,supporting,0,,,annotator_813,2026/8/22
C040,business_performance_goal_management::http://data.europa.eu/esco/occupation/84871c2a-abd1-45eb-b03a-65e51a26fd84,http://data.europa.eu/esco/occupation/84871c2a-abd1-45eb-b03a-65e51a26fd84,business_performance_goal_management,,,Reporting Assistant,develop stronger analytical reporting skills,Excel | report preparation | quality checks | documentation,"Downloaded standard reports, corrected formatting issues and circulated weekly files; there is little evidence of metric design or independent diagnosis.",cost analyst,Business Performance & Goal Management,supporting,0,,,annotator_813,2026/8/22
C040,business_performance_goal_management::http://data.europa.eu/esco/occupation/8d586ee9-0ab1-4155-a3b0-2ca786c8e48c,http://data.europa.eu/esco/occupation/8d586ee9-0ab1-4155-a3b0-2ca786c8e48c,business_performance_goal_management,,,Reporting Assistant,develop stronger analytical reporting skills,Excel | report preparation | quality checks | documentation,"Downloaded standard reports, corrected formatting issues and circulated weekly files; there is little evidence of metric design or independent diagnosis.",financial analyst,Business Performance & Goal Management,supporting,0,,,annotator_813,2026/8/22
C040,business_performance_goal_management::http://data.europa.eu/esco/occupation/d3edb8f8-3a06-47a0-8fb9-9b212c006aa2,http://data.europa.eu/esco/occupation/d3edb8f8-3a06-47a0-8fb9-9b212c006aa2,business_performance_goal_management,,,Reporting Assistant,develop stronger analytical reporting skills,Excel | report preparation | quality checks | documentation,"Downloaded standard reports, corrected formatting issues and circulated weekly files; there is little evidence of metric design or independent diagnosis.",data analyst,Business Performance & Goal Management,overlap,0,,,annotator_813,2026/8/22
C040,business_strategy_focused_analysis::http://data.europa.eu/esco/occupation/50760da6-abc3-424c-b159-8ddf0818e016,http://data.europa.eu/esco/occupation/50760da6-abc3-424c-b159-8ddf0818e016,business_strategy_focused_analysis,,,Reporting Assistant,develop stronger analytical reporting skills,Excel | report preparation | quality checks | documentation,"Downloaded standard reports, corrected formatting issues and circulated weekly files; there is little evidence of metric design or independent diagnosis.",business valuer,Business Strategy & Focused Analysis,supporting,0,,,annotator_813,2026/8/22
C040,business_strategy_focused_analysis::http://data.europa.eu/esco/occupation/60082a99-d8ef-4e84-9290-78902681b6ed,http://data.europa.eu/esco/occupation/60082a99-d8ef-4e84-9290-78902681b6ed,business_strategy_focused_analysis,,,Reporting Assistant,develop stronger analytical reporting skills,Excel | report preparation | quality checks | documentation,"Downloaded standard reports, corrected formatting issues and circulated weekly files; there is little evidence of metric design or independent diagnosis.",business analyst,Business Strategy & Focused Analysis,core,1,reporting direction; limited independent analysis evidence,weak,annotator_813,2026/8/22
C040,business_strategy_focused_analysis::http://data.europa.eu/esco/occupation/66fb9704-0d56-4673-8e69-7823816b73e1,http://data.europa.eu/esco/occupation/66fb9704-0d56-4673-8e69-7823816b73e1,business_strategy_focused_analysis,,,Reporting Assistant,develop stronger analytical reporting skills,Excel | report preparation | quality checks | documentation,"Downloaded standard reports, corrected formatting issues and circulated weekly files; there is little evidence of metric design or independent diagnosis.",market research analyst,Business Strategy & Focused Analysis,overlap,1,reporting direction; no market-research evidence,weak,annotator_813,2026/8/22
C040,business_strategy_focused_analysis::http://data.europa.eu/esco/occupation/6a29d804-f775-446c-bec7-35fc4e28ac97,http://data.europa.eu/esco/occupation/6a29d804-f775-446c-bec7-35fc4e28ac97,business_strategy_focused_analysis,,,Reporting Assistant,develop stronger analytical reporting skills,Excel | report preparation | quality checks | documentation,"Downloaded standard reports, corrected formatting issues and circulated weekly files; there is little evidence of metric design or independent diagnosis.",business consultant,Business Strategy & Focused Analysis,core,0,,,annotator_813,2026/8/22
C040,business_strategy_focused_analysis::http://data.europa.eu/esco/occupation/e16c2422-1323-4d8a-bd0f-c7584de70be1,http://data.europa.eu/esco/occupation/e16c2422-1323-4d8a-bd0f-c7584de70be1,business_strategy_focused_analysis,,,Reporting Assistant,develop stronger analytical reporting skills,Excel | report preparation | quality checks | documentation,"Downloaded standard reports, corrected formatting issues and circulated weekly files; there is little evidence of metric design or independent diagnosis.",pricing specialist,Business Strategy & Focused Analysis,supporting,0,,,annotator_813,2026/8/22
C040,data_analytics::http://data.europa.eu/esco/occupation/ac8b3cd1-a127-4e6a-8208-5cfcf7111955,http://data.europa.eu/esco/occupation/ac8b3cd1-a127-4e6a-8208-5cfcf7111955,data_analytics,,,Reporting Assistant,develop stronger analytical reporting skills,Excel | report preparation | quality checks | documentation,"Downloaded standard reports, corrected formatting issues and circulated weekly files; there is little evidence of metric design or independent diagnosis.",statistician,Data Analytics,overlap,0,,,annotator_813,2026/8/22
C040,data_analytics::http://data.europa.eu/esco/occupation/d3edb8f8-3a06-47a0-8fb9-9b212c006aa2,http://data.europa.eu/esco/occupation/d3edb8f8-3a06-47a0-8fb9-9b212c006aa2,data_analytics,,,Reporting Assistant,develop stronger analytical reporting skills,Excel | report preparation | quality checks | documentation,"Downloaded standard reports, corrected formatting issues and circulated weekly files; there is little evidence of metric design or independent diagnosis.",data analyst,Data Analytics,core,0,,,annotator_813,2026/8/22
C040,data_science::http://data.europa.eu/esco/occupation/258e46f9-0075-4a2e-adae-1ff0477e0f30,http://data.europa.eu/esco/occupation/258e46f9-0075-4a2e-adae-1ff0477e0f30,data_science,,,Reporting Assistant,develop stronger analytical reporting skills,Excel | report preparation | quality checks | documentation,"Downloaded standard reports, corrected formatting issues and circulated weekly files; there is little evidence of metric design or independent diagnosis.",data scientist,Data Science,core,0,,,annotator_813,2026/8/22
C040,data_science::http://data.europa.eu/esco/occupation/35553663-deab-4d9a-bf22-15c1625d28e8,http://data.europa.eu/esco/occupation/35553663-deab-4d9a-bf22-15c1625d28e8,data_science,,,Reporting Assistant,develop stronger analytical reporting skills,Excel | report preparation | quality checks | documentation,"Downloaded standard reports, corrected formatting issues and circulated weekly files; there is little evidence of metric design or independent diagnosis.",artificial intelligence engineer,Data Science,supporting,0,,,annotator_813,2026/8/22
C040,data_science::http://data.europa.eu/esco/occupation/ac8b3cd1-a127-4e6a-8208-5cfcf7111955,http://data.europa.eu/esco/occupation/ac8b3cd1-a127-4e6a-8208-5cfcf7111955,data_science,,,Reporting Assistant,develop stronger analytical reporting skills,Excel | report preparation | quality checks | documentation,"Downloaded standard reports, corrected formatting issues and circulated weekly files; there is little evidence of metric design or independent diagnosis.",statistician,Data Science,overlap,0,,,annotator_813,2026/8/22
C040,strategic_analysis::http://data.europa.eu/esco/occupation/4f49df98-98b8-4a9e-98ad-9c5557817eba,http://data.europa.eu/esco/occupation/4f49df98-98b8-4a9e-98ad-9c5557817eba,strategic_analysis,,,Reporting Assistant,develop stronger analytical reporting skills,Excel | report preparation | quality checks | documentation,"Downloaded standard reports, corrected formatting issues and circulated weekly files; there is little evidence of metric design or independent diagnosis.",strategic planning manager,Strategic Analysis,supporting,1,reporting direction; no long-horizon strategy evidence,weak,annotator_813,2026/8/22
C040,strategic_analysis::http://data.europa.eu/esco/occupation/56afc09a-75a0-49c7-a5cb-256df45d8f2d,http://data.europa.eu/esco/occupation/56afc09a-75a0-49c7-a5cb-256df45d8f2d,strategic_analysis,,,Reporting Assistant,develop stronger analytical reporting skills,Excel | report preparation | quality checks | documentation,"Downloaded standard reports, corrected formatting issues and circulated weekly files; there is little evidence of metric design or independent diagnosis.",economic adviser,Strategic Analysis,supporting,0,,,annotator_813,2026/8/22
C040,strategic_analysis::http://data.europa.eu/esco/occupation/66fb9704-0d56-4673-8e69-7823816b73e1,http://data.europa.eu/esco/occupation/66fb9704-0d56-4673-8e69-7823816b73e1,strategic_analysis,,,Reporting Assistant,develop stronger analytical reporting skills,Excel | report preparation | quality checks | documentation,"Downloaded standard reports, corrected formatting issues and circulated weekly files; there is little evidence of metric design or independent diagnosis.",market research analyst,Strategic Analysis,overlap,1,reporting direction; no strategic market-analysis evidence,weak,annotator_813,2026/8/22
C040,strategic_analysis::http://data.europa.eu/esco/occupation/99492920-e5a5-4dba-9e5a-93193147198c,http://data.europa.eu/esco/occupation/99492920-e5a5-4dba-9e5a-93193147198c,strategic_analysis,,,Reporting Assistant,develop stronger analytical reporting skills,Excel | report preparation | quality checks | documentation,"Downloaded standard reports, corrected formatting issues and circulated weekly files; there is little evidence of metric design or independent diagnosis.",economist,Strategic Analysis,supporting,0,,,annotator_813,2026/8/22
C041,business_performance_goal_management::http://data.europa.eu/esco/occupation/4e4a291d-1d38-4c5a-812a-5827d0691b11,http://data.europa.eu/esco/occupation/4e4a291d-1d38-4c5a-812a-5827d0691b11,business_performance_goal_management,,,Marketing Data Analyst,create trusted measurement for marketing choices,SQL | data integration | measurement design | segmentation | visualisation,"Unified campaign identifiers across sources, defined incrementality guardrails for routine reporting, and traced a conversion shift to audience mix.",budget analyst,Business Performance & Goal Management,supporting,1,measurement expertise; no budgeting evidence,moderate,annotator_813,2026/8/22
C041,business_performance_goal_management::http://data.europa.eu/esco/occupation/84871c2a-abd1-45eb-b03a-65e51a26fd84,http://data.europa.eu/esco/occupation/84871c2a-abd1-45eb-b03a-65e51a26fd84,business_performance_goal_management,,,Marketing Data Analyst,create trusted measurement for marketing choices,SQL | data integration | measurement design | segmentation | visualisation,"Unified campaign identifiers across sources, defined incrementality guardrails for routine reporting, and traced a conversion shift to audience mix.",cost analyst,Business Performance & Goal Management,supporting,1,measurement expertise; no cost-analysis evidence,weak,annotator_813,2026/8/22
C041,business_performance_goal_management::http://data.europa.eu/esco/occupation/8d586ee9-0ab1-4155-a3b0-2ca786c8e48c,http://data.europa.eu/esco/occupation/8d586ee9-0ab1-4155-a3b0-2ca786c8e48c,business_performance_goal_management,,,Marketing Data Analyst,create trusted measurement for marketing choices,SQL | data integration | measurement design | segmentation | visualisation,"Unified campaign identifiers across sources, defined incrementality guardrails for routine reporting, and traced a conversion shift to audience mix.",financial analyst,Business Performance & Goal Management,supporting,1,measurement expertise; no financial-analysis evidence,weak,annotator_813,2026/8/22
C041,business_performance_goal_management::http://data.europa.eu/esco/occupation/d3edb8f8-3a06-47a0-8fb9-9b212c006aa2,http://data.europa.eu/esco/occupation/d3edb8f8-3a06-47a0-8fb9-9b212c006aa2,business_performance_goal_management,,,Marketing Data Analyst,create trusted measurement for marketing choices,SQL | data integration | measurement design | segmentation | visualisation,"Unified campaign identifiers across sources, defined incrementality guardrails for routine reporting, and traced a conversion shift to audience mix.",data analyst,Business Performance & Goal Management,overlap,2,,strong,annotator_813,2026/8/22
C041,business_strategy_focused_analysis::http://data.europa.eu/esco/occupation/50760da6-abc3-424c-b159-8ddf0818e016,http://data.europa.eu/esco/occupation/50760da6-abc3-424c-b159-8ddf0818e016,business_strategy_focused_analysis,,,Marketing Data Analyst,create trusted measurement for marketing choices,SQL | data integration | measurement design | segmentation | visualisation,"Unified campaign identifiers across sources, defined incrementality guardrails for routine reporting, and traced a conversion shift to audience mix.",business valuer,Business Strategy & Focused Analysis,supporting,1,marketing measurement; no valuation evidence,moderate,annotator_813,2026/8/22
C041,business_strategy_focused_analysis::http://data.europa.eu/esco/occupation/60082a99-d8ef-4e84-9290-78902681b6ed,http://data.europa.eu/esco/occupation/60082a99-d8ef-4e84-9290-78902681b6ed,business_strategy_focused_analysis,,,Marketing Data Analyst,create trusted measurement for marketing choices,SQL | data integration | measurement design | segmentation | visualisation,"Unified campaign identifiers across sources, defined incrementality guardrails for routine reporting, and traced a conversion shift to audience mix.",business analyst,Business Strategy & Focused Analysis,core,1,diagnostic analysis; limited business-problem framing evidence,weak,annotator_813,2026/8/22
C041,business_strategy_focused_analysis::http://data.europa.eu/esco/occupation/66fb9704-0d56-4673-8e69-7823816b73e1,http://data.europa.eu/esco/occupation/66fb9704-0d56-4673-8e69-7823816b73e1,business_strategy_focused_analysis,,,Marketing Data Analyst,create trusted measurement for marketing choices,SQL | data integration | measurement design | segmentation | visualisation,"Unified campaign identifiers across sources, defined incrementality guardrails for routine reporting, and traced a conversion shift to audience mix.",market research analyst,Business Strategy & Focused Analysis,overlap,0,,,annotator_813,2026/8/22
C041,business_strategy_focused_analysis::http://data.europa.eu/esco/occupation/6a29d804-f775-446c-bec7-35fc4e28ac97,http://data.europa.eu/esco/occupation/6a29d804-f775-446c-bec7-35fc4e28ac97,business_strategy_focused_analysis,,,Marketing Data Analyst,create trusted measurement for marketing choices,SQL | data integration | measurement design | segmentation | visualisation,"Unified campaign identifiers across sources, defined incrementality guardrails for routine reporting, and traced a conversion shift to audience mix.",business consultant,Business Strategy & Focused Analysis,core,0,,,annotator_813,2026/8/22
C041,business_strategy_focused_analysis::http://data.europa.eu/esco/occupation/e16c2422-1323-4d8a-bd0f-c7584de70be1,http://data.europa.eu/esco/occupation/e16c2422-1323-4d8a-bd0f-c7584de70be1,business_strategy_focused_analysis,,,Marketing Data Analyst,create trusted measurement for marketing choices,SQL | data integration | measurement design | segmentation | visualisation,"Unified campaign identifiers across sources, defined incrementality guardrails for routine reporting, and traced a conversion shift to audience mix.",pricing specialist,Business Strategy & Focused Analysis,supporting,1,marketing analysis; no pricing evidence,moderate,annotator_813,2026/8/22
C041,data_analytics::http://data.europa.eu/esco/occupation/ac8b3cd1-a127-4e6a-8208-5cfcf7111955,http://data.europa.eu/esco/occupation/ac8b3cd1-a127-4e6a-8208-5cfcf7111955,data_analytics,,,Marketing Data Analyst,create trusted measurement for marketing choices,SQL | data integration | measurement design | segmentation | visualisation,"Unified campaign identifiers across sources, defined incrementality guardrails for routine reporting, and traced a conversion shift to audience mix.",statistician,Data Analytics,overlap,2,,strong,annotator_813,2026/8/22
C041,data_analytics::http://data.europa.eu/esco/occupation/d3edb8f8-3a06-47a0-8fb9-9b212c006aa2,http://data.europa.eu/esco/occupation/d3edb8f8-3a06-47a0-8fb9-9b212c006aa2,data_analytics,,,Marketing Data Analyst,create trusted measurement for marketing choices,SQL | data integration | measurement design | segmentation | visualisation,"Unified campaign identifiers across sources, defined incrementality guardrails for routine reporting, and traced a conversion shift to audience mix.",data analyst,Data Analytics,core,2,,,annotator_813,2026/8/22
C041,data_science::http://data.europa.eu/esco/occupation/258e46f9-0075-4a2e-adae-1ff0477e0f30,http://data.europa.eu/esco/occupation/258e46f9-0075-4a2e-adae-1ff0477e0f30,data_science,,,Marketing Data Analyst,create trusted measurement for marketing choices,SQL | data integration | measurement design | segmentation | visualisation,"Unified campaign identifiers across sources, defined incrementality guardrails for routine reporting, and traced a conversion shift to audience mix.",data scientist,Data Science,core,0,,,annotator_813,2026/8/22
C041,data_science::http://data.europa.eu/esco/occupation/35553663-deab-4d9a-bf22-15c1625d28e8,http://data.europa.eu/esco/occupation/35553663-deab-4d9a-bf22-15c1625d28e8,data_science,,,Marketing Data Analyst,create trusted measurement for marketing choices,SQL | data integration | measurement design | segmentation | visualisation,"Unified campaign identifiers across sources, defined incrementality guardrails for routine reporting, and traced a conversion shift to audience mix.",artificial intelligence engineer,Data Science,supporting,0,,,annotator_813,2026/8/22
C041,data_science::http://data.europa.eu/esco/occupation/ac8b3cd1-a127-4e6a-8208-5cfcf7111955,http://data.europa.eu/esco/occupation/ac8b3cd1-a127-4e6a-8208-5cfcf7111955,data_science,,,Marketing Data Analyst,create trusted measurement for marketing choices,SQL | data integration | measurement design | segmentation | visualisation,"Unified campaign identifiers across sources, defined incrementality guardrails for routine reporting, and traced a conversion shift to audience mix.",statistician,Data Science,overlap,1,measurement analysis; no predictive-modelling evidence,moderate,annotator_813,2026/8/22
C041,strategic_analysis::http://data.europa.eu/esco/occupation/4f49df98-98b8-4a9e-98ad-9c5557817eba,http://data.europa.eu/esco/occupation/4f49df98-98b8-4a9e-98ad-9c5557817eba,strategic_analysis,,,Marketing Data Analyst,create trusted measurement for marketing choices,SQL | data integration | measurement design | segmentation | visualisation,"Unified campaign identifiers across sources, defined incrementality guardrails for routine reporting, and traced a conversion shift to audience mix.",strategic planning manager,Strategic Analysis,supporting,1,,weak,annotator_813,2026/8/22
C041,strategic_analysis::http://data.europa.eu/esco/occupation/56afc09a-75a0-49c7-a5cb-256df45d8f2d,http://data.europa.eu/esco/occupation/56afc09a-75a0-49c7-a5cb-256df45d8f2d,strategic_analysis,,,Marketing Data Analyst,create trusted measurement for marketing choices,SQL | data integration | measurement design | segmentation | visualisation,"Unified campaign identifiers across sources, defined incrementality guardrails for routine reporting, and traced a conversion shift to audience mix.",economic adviser,Strategic Analysis,supporting,0,,,annotator_813,2026/8/22
C041,strategic_analysis::http://data.europa.eu/esco/occupation/66fb9704-0d56-4673-8e69-7823816b73e1,http://data.europa.eu/esco/occupation/66fb9704-0d56-4673-8e69-7823816b73e1,strategic_analysis,,,Marketing Data Analyst,create trusted measurement for marketing choices,SQL | data integration | measurement design | segmentation | visualisation,"Unified campaign identifiers across sources, defined incrementality guardrails for routine reporting, and traced a conversion shift to audience mix.",market research analyst,Strategic Analysis,overlap,1,,moderate,annotator_813,2026/8/22
C041,strategic_analysis::http://data.europa.eu/esco/occupation/99492920-e5a5-4dba-9e5a-93193147198c,http://data.europa.eu/esco/occupation/99492920-e5a5-4dba-9e5a-93193147198c,strategic_analysis,,,Marketing Data Analyst,create trusted measurement for marketing choices,SQL | data integration | measurement design | segmentation | visualisation,"Unified campaign identifiers across sources, defined incrementality guardrails for routine reporting, and traced a conversion shift to audience mix.",economist,Strategic Analysis,supporting,0,,,annotator_813,2026/8/22
C044,business_performance_goal_management::http://data.europa.eu/esco/occupation/4e4a291d-1d38-4c5a-812a-5827d0691b11,http://data.europa.eu/esco/occupation/4e4a291d-1d38-4c5a-812a-5827d0691b11,business_performance_goal_management,,,Data Operations Coordinator,support analytics teams,issue tracking | process monitoring | documentation | basic SQL,Monitored scheduled extracts and routed data issues to owners; responsibilities centred on process follow-up rather than business-side analysis.,budget analyst,Business Performance & Goal Management,supporting,0,,,annotator_813,2026/8/22
C044,business_performance_goal_management::http://data.europa.eu/esco/occupation/84871c2a-abd1-45eb-b03a-65e51a26fd84,http://data.europa.eu/esco/occupation/84871c2a-abd1-45eb-b03a-65e51a26fd84,business_performance_goal_management,,,Data Operations Coordinator,support analytics teams,issue tracking | process monitoring | documentation | basic SQL,Monitored scheduled extracts and routed data issues to owners; responsibilities centred on process follow-up rather than business-side analysis.,cost analyst,Business Performance & Goal Management,supporting,0,,,annotator_813,2026/8/22
C044,business_performance_goal_management::http://data.europa.eu/esco/occupation/8d586ee9-0ab1-4155-a3b0-2ca786c8e48c,http://data.europa.eu/esco/occupation/8d586ee9-0ab1-4155-a3b0-2ca786c8e48c,business_performance_goal_management,,,Data Operations Coordinator,support analytics teams,issue tracking | process monitoring | documentation | basic SQL,Monitored scheduled extracts and routed data issues to owners; responsibilities centred on process follow-up rather than business-side analysis.,financial analyst,Business Performance & Goal Management,supporting,0,,,annotator_813,2026/8/22
C044,business_performance_goal_management::http://data.europa.eu/esco/occupation/d3edb8f8-3a06-47a0-8fb9-9b212c006aa2,http://data.europa.eu/esco/occupation/d3edb8f8-3a06-47a0-8fb9-9b212c006aa2,business_performance_goal_management,,,Data Operations Coordinator,support analytics teams,issue tracking | process monitoring | documentation | basic SQL,Monitored scheduled extracts and routed data issues to owners; responsibilities centred on process follow-up rather than business-side analysis.,data analyst,Business Performance & Goal Management,overlap,1,,weak,annotator_813,2026/8/22
C044,business_strategy_focused_analysis::http://data.europa.eu/esco/occupation/50760da6-abc3-424c-b159-8ddf0818e016,http://data.europa.eu/esco/occupation/50760da6-abc3-424c-b159-8ddf0818e016,business_strategy_focused_analysis,,,Data Operations Coordinator,support analytics teams,issue tracking | process monitoring | documentation | basic SQL,Monitored scheduled extracts and routed data issues to owners; responsibilities centred on process follow-up rather than business-side analysis.,business valuer,Business Strategy & Focused Analysis,supporting,0,,,annotator_813,2026/8/22
C044,business_strategy_focused_analysis::http://data.europa.eu/esco/occupation/60082a99-d8ef-4e84-9290-78902681b6ed,http://data.europa.eu/esco/occupation/60082a99-d8ef-4e84-9290-78902681b6ed,business_strategy_focused_analysis,,,Data Operations Coordinator,support analytics teams,issue tracking | process monitoring | documentation | basic SQL,Monitored scheduled extracts and routed data issues to owners; responsibilities centred on process follow-up rather than business-side analysis.,business analyst,Business Strategy & Focused Analysis,core,0,,,annotator_813,2026/8/22
C044,business_strategy_focused_analysis::http://data.europa.eu/esco/occupation/66fb9704-0d56-4673-8e69-7823816b73e1,http://data.europa.eu/esco/occupation/66fb9704-0d56-4673-8e69-7823816b73e1,business_strategy_focused_analysis,,,Data Operations Coordinator,support analytics teams,issue tracking | process monitoring | documentation | basic SQL,Monitored scheduled extracts and routed data issues to owners; responsibilities centred on process follow-up rather than business-side analysis.,market research analyst,Business Strategy & Focused Analysis,overlap,0,,,annotator_813,2026/8/22
C044,business_strategy_focused_analysis::http://data.europa.eu/esco/occupation/6a29d804-f775-446c-bec7-35fc4e28ac97,http://data.europa.eu/esco/occupation/6a29d804-f775-446c-bec7-35fc4e28ac97,business_strategy_focused_analysis,,,Data Operations Coordinator,support analytics teams,issue tracking | process monitoring | documentation | basic SQL,Monitored scheduled extracts and routed data issues to owners; responsibilities centred on process follow-up rather than business-side analysis.,business consultant,Business Strategy & Focused Analysis,core,0,,,annotator_813,2026/8/22
C044,business_strategy_focused_analysis::http://data.europa.eu/esco/occupation/e16c2422-1323-4d8a-bd0f-c7584de70be1,http://data.europa.eu/esco/occupation/e16c2422-1323-4d8a-bd0f-c7584de70be1,business_strategy_focused_analysis,,,Data Operations Coordinator,support analytics teams,issue tracking | process monitoring | documentation | basic SQL,Monitored scheduled extracts and routed data issues to owners; responsibilities centred on process follow-up rather than business-side analysis.,pricing specialist,Business Strategy & Focused Analysis,supporting,0,,,annotator_813,2026/8/22
C044,data_analytics::http://data.europa.eu/esco/occupation/ac8b3cd1-a127-4e6a-8208-5cfcf7111955,http://data.europa.eu/esco/occupation/ac8b3cd1-a127-4e6a-8208-5cfcf7111955,data_analytics,,,Data Operations Coordinator,support analytics teams,issue tracking | process monitoring | documentation | basic SQL,Monitored scheduled extracts and routed data issues to owners; responsibilities centred on process follow-up rather than business-side analysis.,statistician,Data Analytics,overlap,0,,,annotator_813,2026/8/22
C044,data_analytics::http://data.europa.eu/esco/occupation/d3edb8f8-3a06-47a0-8fb9-9b212c006aa2,http://data.europa.eu/esco/occupation/d3edb8f8-3a06-47a0-8fb9-9b212c006aa2,data_analytics,,,Data Operations Coordinator,support analytics teams,issue tracking | process monitoring | documentation | basic SQL,Monitored scheduled extracts and routed data issues to owners; responsibilities centred on process follow-up rather than business-side analysis.,data analyst,Data Analytics,core,1,basic SQL and analytics direction; limited business analysis evidence,weak,annotator_813,2026/8/22
C044,data_science::http://data.europa.eu/esco/occupation/258e46f9-0075-4a2e-adae-1ff0477e0f30,http://data.europa.eu/esco/occupation/258e46f9-0075-4a2e-adae-1ff0477e0f30,data_science,,,Data Operations Coordinator,support analytics teams,issue tracking | process monitoring | documentation | basic SQL,Monitored scheduled extracts and routed data issues to owners; responsibilities centred on process follow-up rather than business-side analysis.,data scientist,Data Science,core,0,,,annotator_813,2026/8/22
C044,data_science::http://data.europa.eu/esco/occupation/35553663-deab-4d9a-bf22-15c1625d28e8,http://data.europa.eu/esco/occupation/35553663-deab-4d9a-bf22-15c1625d28e8,data_science,,,Data Operations Coordinator,support analytics teams,issue tracking | process monitoring | documentation | basic SQL,Monitored scheduled extracts and routed data issues to owners; responsibilities centred on process follow-up rather than business-side analysis.,artificial intelligence engineer,Data Science,supporting,0,,,annotator_813,2026/8/22
C044,data_science::http://data.europa.eu/esco/occupation/ac8b3cd1-a127-4e6a-8208-5cfcf7111955,http://data.europa.eu/esco/occupation/ac8b3cd1-a127-4e6a-8208-5cfcf7111955,data_science,,,Data Operations Coordinator,support analytics teams,issue tracking | process monitoring | documentation | basic SQL,Monitored scheduled extracts and routed data issues to owners; responsibilities centred on process follow-up rather than business-side analysis.,statistician,Data Science,overlap,0,,,annotator_813,2026/8/22
C044,strategic_analysis::http://data.europa.eu/esco/occupation/4f49df98-98b8-4a9e-98ad-9c5557817eba,http://data.europa.eu/esco/occupation/4f49df98-98b8-4a9e-98ad-9c5557817eba,strategic_analysis,,,Data Operations Coordinator,support analytics teams,issue tracking | process monitoring | documentation | basic SQL,Monitored scheduled extracts and routed data issues to owners; responsibilities centred on process follow-up rather than business-side analysis.,strategic planning manager,Strategic Analysis,supporting,0,,,annotator_813,2026/8/22
C044,strategic_analysis::http://data.europa.eu/esco/occupation/56afc09a-75a0-49c7-a5cb-256df45d8f2d,http://data.europa.eu/esco/occupation/56afc09a-75a0-49c7-a5cb-256df45d8f2d,strategic_analysis,,,Data Operations Coordinator,support analytics teams,issue tracking | process monitoring | documentation | basic SQL,Monitored scheduled extracts and routed data issues to owners; responsibilities centred on process follow-up rather than business-side analysis.,economic adviser,Strategic Analysis,supporting,0,,,annotator_813,2026/8/22
C044,strategic_analysis::http://data.europa.eu/esco/occupation/66fb9704-0d56-4673-8e69-7823816b73e1,http://data.europa.eu/esco/occupation/66fb9704-0d56-4673-8e69-7823816b73e1,strategic_analysis,,,Data Operations Coordinator,support analytics teams,issue tracking | process monitoring | documentation | basic SQL,Monitored scheduled extracts and routed data issues to owners; responsibilities centred on process follow-up rather than business-side analysis.,market research analyst,Strategic Analysis,overlap,0,,,annotator_813,2026/8/22
C044,strategic_analysis::http://data.europa.eu/esco/occupation/99492920-e5a5-4dba-9e5a-93193147198c,http://data.europa.eu/esco/occupation/99492920-e5a5-4dba-9e5a-93193147198c,strategic_analysis,,,Data Operations Coordinator,support analytics teams,issue tracking | process monitoring | documentation | basic SQL,Monitored scheduled extracts and routed data issues to owners; responsibilities centred on process follow-up rather than business-side analysis.,economist,Strategic Analysis,supporting,0,,,annotator_813,2026/8/22
C047,business_performance_goal_management::http://data.europa.eu/esco/occupation/4e4a291d-1d38-4c5a-812a-5827d0691b11,http://data.europa.eu/esco/occupation/4e4a291d-1d38-4c5a-812a-5827d0691b11,business_performance_goal_management,,,Analytics Consultant,combine governed reporting with experimental evaluation,metric governance | SQL | dashboard design | experiment analysis | model diagnostics,"Standardised metric logic and built reusable views for several teams, then evaluated a controlled rollout and compared its observed lift with a simple propensity baseline. The portfolio spans dependable reporting and more inferential work without a settled emphasis.",budget analyst,Business Performance & Goal Management,supporting,1,measurement expertise; no budgeting evidence,moderate,annotator_813,2026/8/22
C047,business_performance_goal_management::http://data.europa.eu/esco/occupation/84871c2a-abd1-45eb-b03a-65e51a26fd84,http://data.europa.eu/esco/occupation/84871c2a-abd1-45eb-b03a-65e51a26fd84,business_performance_goal_management,,,Analytics Consultant,combine governed reporting with experimental evaluation,metric governance | SQL | dashboard design | experiment analysis | model diagnostics,"Standardised metric logic and built reusable views for several teams, then evaluated a controlled rollout and compared its observed lift with a simple propensity baseline. The portfolio spans dependable reporting and more inferential work without a settled emphasis.",cost analyst,Business Performance & Goal Management,supporting,1,measurement expertise; no cost-analysis evidence,moderate,annotator_813,2026/8/22
C047,business_performance_goal_management::http://data.europa.eu/esco/occupation/8d586ee9-0ab1-4155-a3b0-2ca786c8e48c,http://data.europa.eu/esco/occupation/8d586ee9-0ab1-4155-a3b0-2ca786c8e48c,business_performance_goal_management,,,Analytics Consultant,combine governed reporting with experimental evaluation,metric governance | SQL | dashboard design | experiment analysis | model diagnostics,"Standardised metric logic and built reusable views for several teams, then evaluated a controlled rollout and compared its observed lift with a simple propensity baseline. The portfolio spans dependable reporting and more inferential work without a settled emphasis.",financial analyst,Business Performance & Goal Management,supporting,1,measurement expertise; no financial-analysis evidence,moderate,annotator_813,2026/8/22
C047,business_performance_goal_management::http://data.europa.eu/esco/occupation/d3edb8f8-3a06-47a0-8fb9-9b212c006aa2,http://data.europa.eu/esco/occupation/d3edb8f8-3a06-47a0-8fb9-9b212c006aa2,business_performance_goal_management,,,Analytics Consultant,combine governed reporting with experimental evaluation,metric governance | SQL | dashboard design | experiment analysis | model diagnostics,"Standardised metric logic and built reusable views for several teams, then evaluated a controlled rollout and compared its observed lift with a simple propensity baseline. The portfolio spans dependable reporting and more inferential work without a settled emphasis.",data analyst,Business Performance & Goal Management,overlap,1,,strong,annotator_813,2026/8/22
C047,business_strategy_focused_analysis::http://data.europa.eu/esco/occupation/50760da6-abc3-424c-b159-8ddf0818e016,http://data.europa.eu/esco/occupation/50760da6-abc3-424c-b159-8ddf0818e016,business_strategy_focused_analysis,,,Analytics Consultant,combine governed reporting with experimental evaluation,metric governance | SQL | dashboard design | experiment analysis | model diagnostics,"Standardised metric logic and built reusable views for several teams, then evaluated a controlled rollout and compared its observed lift with a simple propensity baseline. The portfolio spans dependable reporting and more inferential work without a settled emphasis.",business valuer,Business Strategy & Focused Analysis,supporting,1,analytical consulting; no valuation evidence,moderate,annotator_813,2026/8/22
C047,business_strategy_focused_analysis::http://data.europa.eu/esco/occupation/60082a99-d8ef-4e84-9290-78902681b6ed,http://data.europa.eu/esco/occupation/60082a99-d8ef-4e84-9290-78902681b6ed,business_strategy_focused_analysis,,,Analytics Consultant,combine governed reporting with experimental evaluation,metric governance | SQL | dashboard design | experiment analysis | model diagnostics,"Standardised metric logic and built reusable views for several teams, then evaluated a controlled rollout and compared its observed lift with a simple propensity baseline. The portfolio spans dependable reporting and more inferential work without a settled emphasis.",business analyst,Business Strategy & Focused Analysis,core,1,analytics delivery; no business-problem diagnosis evidence,moderate,annotator_813,2026/8/22
C047,business_strategy_focused_analysis::http://data.europa.eu/esco/occupation/66fb9704-0d56-4673-8e69-7823816b73e1,http://data.europa.eu/esco/occupation/66fb9704-0d56-4673-8e69-7823816b73e1,business_strategy_focused_analysis,,,Analytics Consultant,combine governed reporting with experimental evaluation,metric governance | SQL | dashboard design | experiment analysis | model diagnostics,"Standardised metric logic and built reusable views for several teams, then evaluated a controlled rollout and compared its observed lift with a simple propensity baseline. The portfolio spans dependable reporting and more inferential work without a settled emphasis.",market research analyst,Business Strategy & Focused Analysis,overlap,0,,,annotator_813,2026/8/22
C047,business_strategy_focused_analysis::http://data.europa.eu/esco/occupation/6a29d804-f775-446c-bec7-35fc4e28ac97,http://data.europa.eu/esco/occupation/6a29d804-f775-446c-bec7-35fc4e28ac97,business_strategy_focused_analysis,,,Analytics Consultant,combine governed reporting with experimental evaluation,metric governance | SQL | dashboard design | experiment analysis | model diagnostics,"Standardised metric logic and built reusable views for several teams, then evaluated a controlled rollout and compared its observed lift with a simple propensity baseline. The portfolio spans dependable reporting and more inferential work without a settled emphasis.",business consultant,Business Strategy & Focused Analysis,core,0,,,annotator_813,2026/8/22
C047,business_strategy_focused_analysis::http://data.europa.eu/esco/occupation/e16c2422-1323-4d8a-bd0f-c7584de70be1,http://data.europa.eu/esco/occupation/e16c2422-1323-4d8a-bd0f-c7584de70be1,business_strategy_focused_analysis,,,Analytics Consultant,combine governed reporting with experimental evaluation,metric governance | SQL | dashboard design | experiment analysis | model diagnostics,"Standardised metric logic and built reusable views for several teams, then evaluated a controlled rollout and compared its observed lift with a simple propensity baseline. The portfolio spans dependable reporting and more inferential work without a settled emphasis.",pricing specialist,Business Strategy & Focused Analysis,supporting,1,analytics delivery; no pricing evidence,moderate,annotator_813,2026/8/22
C047,data_analytics::http://data.europa.eu/esco/occupation/ac8b3cd1-a127-4e6a-8208-5cfcf7111955,http://data.europa.eu/esco/occupation/ac8b3cd1-a127-4e6a-8208-5cfcf7111955,data_analytics,,,Analytics Consultant,combine governed reporting with experimental evaluation,metric governance | SQL | dashboard design | experiment analysis | model diagnostics,"Standardised metric logic and built reusable views for several teams, then evaluated a controlled rollout and compared its observed lift with a simple propensity baseline. The portfolio spans dependable reporting and more inferential work without a settled emphasis.",statistician,Data Analytics,overlap,2,,moderate,annotator_813,2026/8/22
C047,data_analytics::http://data.europa.eu/esco/occupation/d3edb8f8-3a06-47a0-8fb9-9b212c006aa2,http://data.europa.eu/esco/occupation/d3edb8f8-3a06-47a0-8fb9-9b212c006aa2,data_analytics,,,Analytics Consultant,combine governed reporting with experimental evaluation,metric governance | SQL | dashboard design | experiment analysis | model diagnostics,"Standardised metric logic and built reusable views for several teams, then evaluated a controlled rollout and compared its observed lift with a simple propensity baseline. The portfolio spans dependable reporting and more inferential work without a settled emphasis.",data analyst,Data Analytics,core,2,,moderate,annotator_813,2026/8/22
C047,data_science::http://data.europa.eu/esco/occupation/258e46f9-0075-4a2e-adae-1ff0477e0f30,http://data.europa.eu/esco/occupation/258e46f9-0075-4a2e-adae-1ff0477e0f30,data_science,,,Analytics Consultant,combine governed reporting with experimental evaluation,metric governance | SQL | dashboard design | experiment analysis | model diagnostics,"Standardised metric logic and built reusable views for several teams, then evaluated a controlled rollout and compared its observed lift with a simple propensity baseline. The portfolio spans dependable reporting and more inferential work without a settled emphasis.",data scientist,Data Science,core,2,,strong,annotator_813,2026/8/22
C047,data_science::http://data.europa.eu/esco/occupation/35553663-deab-4d9a-bf22-15c1625d28e8,http://data.europa.eu/esco/occupation/35553663-deab-4d9a-bf22-15c1625d28e8,data_science,,,Analytics Consultant,combine governed reporting with experimental evaluation,metric governance | SQL | dashboard design | experiment analysis | model diagnostics,"Standardised metric logic and built reusable views for several teams, then evaluated a controlled rollout and compared its observed lift with a simple propensity baseline. The portfolio spans dependable reporting and more inferential work without a settled emphasis.",artificial intelligence engineer,Data Science,supporting,0,,,annotator_813,2026/8/22
C047,data_science::http://data.europa.eu/esco/occupation/ac8b3cd1-a127-4e6a-8208-5cfcf7111955,http://data.europa.eu/esco/occupation/ac8b3cd1-a127-4e6a-8208-5cfcf7111955,data_science,,,Analytics Consultant,combine governed reporting with experimental evaluation,metric governance | SQL | dashboard design | experiment analysis | model diagnostics,"Standardised metric logic and built reusable views for several teams, then evaluated a controlled rollout and compared its observed lift with a simple propensity baseline. The portfolio spans dependable reporting and more inferential work without a settled emphasis.",statistician,Data Science,overlap,2,,strong,annotator_813,2026/8/22
C047,strategic_analysis::http://data.europa.eu/esco/occupation/4f49df98-98b8-4a9e-98ad-9c5557817eba,http://data.europa.eu/esco/occupation/4f49df98-98b8-4a9e-98ad-9c5557817eba,strategic_analysis,,,Analytics Consultant,combine governed reporting with experimental evaluation,metric governance | SQL | dashboard design | experiment analysis | model diagnostics,"Standardised metric logic and built reusable views for several teams, then evaluated a controlled rollout and compared its observed lift with a simple propensity baseline. The portfolio spans dependable reporting and more inferential work without a settled emphasis.",strategic planning manager,Strategic Analysis,supporting,0,,,annotator_813,2026/8/22
C047,strategic_analysis::http://data.europa.eu/esco/occupation/56afc09a-75a0-49c7-a5cb-256df45d8f2d,http://data.europa.eu/esco/occupation/56afc09a-75a0-49c7-a5cb-256df45d8f2d,strategic_analysis,,,Analytics Consultant,combine governed reporting with experimental evaluation,metric governance | SQL | dashboard design | experiment analysis | model diagnostics,"Standardised metric logic and built reusable views for several teams, then evaluated a controlled rollout and compared its observed lift with a simple propensity baseline. The portfolio spans dependable reporting and more inferential work without a settled emphasis.",economic adviser,Strategic Analysis,supporting,0,,,annotator_813,2026/8/22
C047,strategic_analysis::http://data.europa.eu/esco/occupation/66fb9704-0d56-4673-8e69-7823816b73e1,http://data.europa.eu/esco/occupation/66fb9704-0d56-4673-8e69-7823816b73e1,strategic_analysis,,,Analytics Consultant,combine governed reporting with experimental evaluation,metric governance | SQL | dashboard design | experiment analysis | model diagnostics,"Standardised metric logic and built reusable views for several teams, then evaluated a controlled rollout and compared its observed lift with a simple propensity baseline. The portfolio spans dependable reporting and more inferential work without a settled emphasis.",market research analyst,Strategic Analysis,overlap,0,,,annotator_813,2026/8/22
C047,strategic_analysis::http://data.europa.eu/esco/occupation/99492920-e5a5-4dba-9e5a-93193147198c,http://data.europa.eu/esco/occupation/99492920-e5a5-4dba-9e5a-93193147198c,strategic_analysis,,,Analytics Consultant,combine governed reporting with experimental evaluation,metric governance | SQL | dashboard design | experiment analysis | model diagnostics,"Standardised metric logic and built reusable views for several teams, then evaluated a controlled rollout and compared its observed lift with a simple propensity baseline. The portfolio spans dependable reporting and more inferential work without a settled emphasis.",economist,Strategic Analysis,supporting,0,,,annotator_813,2026/8/22
C050,business_performance_goal_management::http://data.europa.eu/esco/occupation/4e4a291d-1d38-4c5a-812a-5827d0691b11,http://data.europa.eu/esco/occupation/4e4a291d-1d38-4c5a-812a-5827d0691b11,business_performance_goal_management,,,Experimentation Analyst,use experiments and causal methods | improve product measurement,A/B testing | statistics | causal inference | SQL | product analytics,"Designed an A/B test for a recommendation change, diagnosed sample-ratio mismatch, and translated heterogeneous effects into follow-up product questions.",budget analyst,Business Performance & Goal Management,supporting,1,experimental analysis; no budgeting evidence,moderate,annotator_813,2026/8/22
C050,business_performance_goal_management::http://data.europa.eu/esco/occupation/84871c2a-abd1-45eb-b03a-65e51a26fd84,http://data.europa.eu/esco/occupation/84871c2a-abd1-45eb-b03a-65e51a26fd84,business_performance_goal_management,,,Experimentation Analyst,use experiments and causal methods | improve product measurement,A/B testing | statistics | causal inference | SQL | product analytics,"Designed an A/B test for a recommendation change, diagnosed sample-ratio mismatch, and translated heterogeneous effects into follow-up product questions.",cost analyst,Business Performance & Goal Management,supporting,1,experimental analysis; no cost-analysis evidence,moderate,annotator_813,2026/8/22
C050,business_performance_goal_management::http://data.europa.eu/esco/occupation/8d586ee9-0ab1-4155-a3b0-2ca786c8e48c,http://data.europa.eu/esco/occupation/8d586ee9-0ab1-4155-a3b0-2ca786c8e48c,business_performance_goal_management,,,Experimentation Analyst,use experiments and causal methods | improve product measurement,A/B testing | statistics | causal inference | SQL | product analytics,"Designed an A/B test for a recommendation change, diagnosed sample-ratio mismatch, and translated heterogeneous effects into follow-up product questions.",financial analyst,Business Performance & Goal Management,supporting,0,,,annotator_813,2026/8/22
C050,business_performance_goal_management::http://data.europa.eu/esco/occupation/d3edb8f8-3a06-47a0-8fb9-9b212c006aa2,http://data.europa.eu/esco/occupation/d3edb8f8-3a06-47a0-8fb9-9b212c006aa2,business_performance_goal_management,,,Experimentation Analyst,use experiments and causal methods | improve product measurement,A/B testing | statistics | causal inference | SQL | product analytics,"Designed an A/B test for a recommendation change, diagnosed sample-ratio mismatch, and translated heterogeneous effects into follow-up product questions.",data analyst,Business Performance & Goal Management,overlap,1,,moderate,annotator_813,2026/8/22
C050,business_strategy_focused_analysis::http://data.europa.eu/esco/occupation/50760da6-abc3-424c-b159-8ddf0818e016,http://data.europa.eu/esco/occupation/50760da6-abc3-424c-b159-8ddf0818e016,business_strategy_focused_analysis,,,Experimentation Analyst,use experiments and causal methods | improve product measurement,A/B testing | statistics | causal inference | SQL | product analytics,"Designed an A/B test for a recommendation change, diagnosed sample-ratio mismatch, and translated heterogeneous effects into follow-up product questions.",business valuer,Business Strategy & Focused Analysis,supporting,0,,,annotator_813,2026/8/22
C050,business_strategy_focused_analysis::http://data.europa.eu/esco/occupation/60082a99-d8ef-4e84-9290-78902681b6ed,http://data.europa.eu/esco/occupation/60082a99-d8ef-4e84-9290-78902681b6ed,business_strategy_focused_analysis,,,Experimentation Analyst,use experiments and causal methods | improve product measurement,A/B testing | statistics | causal inference | SQL | product analytics,"Designed an A/B test for a recommendation change, diagnosed sample-ratio mismatch, and translated heterogeneous effects into follow-up product questions.",business analyst,Business Strategy & Focused Analysis,core,0,,,annotator_813,2026/8/22
C050,business_strategy_focused_analysis::http://data.europa.eu/esco/occupation/66fb9704-0d56-4673-8e69-7823816b73e1,http://data.europa.eu/esco/occupation/66fb9704-0d56-4673-8e69-7823816b73e1,business_strategy_focused_analysis,,,Experimentation Analyst,use experiments and causal methods | improve product measurement,A/B testing | statistics | causal inference | SQL | product analytics,"Designed an A/B test for a recommendation change, diagnosed sample-ratio mismatch, and translated heterogeneous effects into follow-up product questions.",market research analyst,Business Strategy & Focused Analysis,overlap,0,,,annotator_813,2026/8/22
C050,business_strategy_focused_analysis::http://data.europa.eu/esco/occupation/6a29d804-f775-446c-bec7-35fc4e28ac97,http://data.europa.eu/esco/occupation/6a29d804-f775-446c-bec7-35fc4e28ac97,business_strategy_focused_analysis,,,Experimentation Analyst,use experiments and causal methods | improve product measurement,A/B testing | statistics | causal inference | SQL | product analytics,"Designed an A/B test for a recommendation change, diagnosed sample-ratio mismatch, and translated heterogeneous effects into follow-up product questions.",business consultant,Business Strategy & Focused Analysis,core,0,,,annotator_813,2026/8/22
C050,business_strategy_focused_analysis::http://data.europa.eu/esco/occupation/e16c2422-1323-4d8a-bd0f-c7584de70be1,http://data.europa.eu/esco/occupation/e16c2422-1323-4d8a-bd0f-c7584de70be1,business_strategy_focused_analysis,,,Experimentation Analyst,use experiments and causal methods | improve product measurement,A/B testing | statistics | causal inference | SQL | product analytics,"Designed an A/B test for a recommendation change, diagnosed sample-ratio mismatch, and translated heterogeneous effects into follow-up product questions.",pricing specialist,Business Strategy & Focused Analysis,supporting,0,,,annotator_813,2026/8/22
C050,data_analytics::http://data.europa.eu/esco/occupation/ac8b3cd1-a127-4e6a-8208-5cfcf7111955,http://data.europa.eu/esco/occupation/ac8b3cd1-a127-4e6a-8208-5cfcf7111955,data_analytics,,,Experimentation Analyst,use experiments and causal methods | improve product measurement,A/B testing | statistics | causal inference | SQL | product analytics,"Designed an A/B test for a recommendation change, diagnosed sample-ratio mismatch, and translated heterogeneous effects into follow-up product questions.",statistician,Data Analytics,overlap,1,statistical experimentation; limited descriptive analytics evidence,strong,annotator_813,2026/8/22
C050,data_analytics::http://data.europa.eu/esco/occupation/d3edb8f8-3a06-47a0-8fb9-9b212c006aa2,http://data.europa.eu/esco/occupation/d3edb8f8-3a06-47a0-8fb9-9b212c006aa2,data_analytics,,,Experimentation Analyst,use experiments and causal methods | improve product measurement,A/B testing | statistics | causal inference | SQL | product analytics,"Designed an A/B test for a recommendation change, diagnosed sample-ratio mismatch, and translated heterogeneous effects into follow-up product questions.",data analyst,Data Analytics,core,2,,,annotator_813,2026/8/22
C050,data_science::http://data.europa.eu/esco/occupation/258e46f9-0075-4a2e-adae-1ff0477e0f30,http://data.europa.eu/esco/occupation/258e46f9-0075-4a2e-adae-1ff0477e0f30,data_science,,,Experimentation Analyst,use experiments and causal methods | improve product measurement,A/B testing | statistics | causal inference | SQL | product analytics,"Designed an A/B test for a recommendation change, diagnosed sample-ratio mismatch, and translated heterogeneous effects into follow-up product questions.",data scientist,Data Science,core,2,,,annotator_813,2026/8/22
C050,data_science::http://data.europa.eu/esco/occupation/35553663-deab-4d9a-bf22-15c1625d28e8,http://data.europa.eu/esco/occupation/35553663-deab-4d9a-bf22-15c1625d28e8,data_science,,,Experimentation Analyst,use experiments and causal methods | improve product measurement,A/B testing | statistics | causal inference | SQL | product analytics,"Designed an A/B test for a recommendation change, diagnosed sample-ratio mismatch, and translated heterogeneous effects into follow-up product questions.",artificial intelligence engineer,Data Science,supporting,0,,,annotator_813,2026/8/22
C050,data_science::http://data.europa.eu/esco/occupation/ac8b3cd1-a127-4e6a-8208-5cfcf7111955,http://data.europa.eu/esco/occupation/ac8b3cd1-a127-4e6a-8208-5cfcf7111955,data_science,,,Experimentation Analyst,use experiments and causal methods | improve product measurement,A/B testing | statistics | causal inference | SQL | product analytics,"Designed an A/B test for a recommendation change, diagnosed sample-ratio mismatch, and translated heterogeneous effects into follow-up product questions.",statistician,Data Science,overlap,2,,,annotator_813,2026/8/22
C050,strategic_analysis::http://data.europa.eu/esco/occupation/4f49df98-98b8-4a9e-98ad-9c5557817eba,http://data.europa.eu/esco/occupation/4f49df98-98b8-4a9e-98ad-9c5557817eba,strategic_analysis,,,Experimentation Analyst,use experiments and causal methods | improve product measurement,A/B testing | statistics | causal inference | SQL | product analytics,"Designed an A/B test for a recommendation change, diagnosed sample-ratio mismatch, and translated heterogeneous effects into follow-up product questions.",strategic planning manager,Strategic Analysis,supporting,0,,,annotator_813,2026/8/22
C050,strategic_analysis::http://data.europa.eu/esco/occupation/56afc09a-75a0-49c7-a5cb-256df45d8f2d,http://data.europa.eu/esco/occupation/56afc09a-75a0-49c7-a5cb-256df45d8f2d,strategic_analysis,,,Experimentation Analyst,use experiments and causal methods | improve product measurement,A/B testing | statistics | causal inference | SQL | product analytics,"Designed an A/B test for a recommendation change, diagnosed sample-ratio mismatch, and translated heterogeneous effects into follow-up product questions.",economic adviser,Strategic Analysis,supporting,0,,,annotator_813,2026/8/22
C050,strategic_analysis::http://data.europa.eu/esco/occupation/66fb9704-0d56-4673-8e69-7823816b73e1,http://data.europa.eu/esco/occupation/66fb9704-0d56-4673-8e69-7823816b73e1,strategic_analysis,,,Experimentation Analyst,use experiments and causal methods | improve product measurement,A/B testing | statistics | causal inference | SQL | product analytics,"Designed an A/B test for a recommendation change, diagnosed sample-ratio mismatch, and translated heterogeneous effects into follow-up product questions.",market research analyst,Strategic Analysis,overlap,0,,,annotator_813,2026/8/22
C050,strategic_analysis::http://data.europa.eu/esco/occupation/99492920-e5a5-4dba-9e5a-93193147198c,http://data.europa.eu/esco/occupation/99492920-e5a5-4dba-9e5a-93193147198c,strategic_analysis,,,Experimentation Analyst,use experiments and causal methods | improve product measurement,A/B testing | statistics | causal inference | SQL | product analytics,"Designed an A/B test for a recommendation change, diagnosed sample-ratio mismatch, and translated heterogeneous effects into follow-up product questions.",economist,Strategic Analysis,supporting,0,,,annotator_813,2026/8/22
C051,business_performance_goal_management::http://data.europa.eu/esco/occupation/4e4a291d-1d38-4c5a-812a-5827d0691b11,http://data.europa.eu/esco/occupation/4e4a291d-1d38-4c5a-812a-5827d0691b11,business_performance_goal_management,,,Product Data Analyst,move from descriptive analysis into modelling,Python | SQL | feature engineering | predictive modelling | experiment planning,"Built behavioural features for an adoption problem, trained a regularised baseline, and evaluated whether lift was stable enough to justify a prospective test.",budget analyst,Business Performance & Goal Management,supporting,1,predictive analysis; no budgeting evidence,moderate,annotator_813,2026/8/22
C051,business_performance_goal_management::http://data.europa.eu/esco/occupation/84871c2a-abd1-45eb-b03a-65e51a26fd84,http://data.europa.eu/esco/occupation/84871c2a-abd1-45eb-b03a-65e51a26fd84,business_performance_goal_management,,,Product Data Analyst,move from descriptive analysis into modelling,Python | SQL | feature engineering | predictive modelling | experiment planning,"Built behavioural features for an adoption problem, trained a regularised baseline, and evaluated whether lift was stable enough to justify a prospective test.",cost analyst,Business Performance & Goal Management,supporting,1,predictive analysis; no cost-analysis evidence,moderate,annotator_813,2026/8/22
C051,business_performance_goal_management::http://data.europa.eu/esco/occupation/8d586ee9-0ab1-4155-a3b0-2ca786c8e48c,http://data.europa.eu/esco/occupation/8d586ee9-0ab1-4155-a3b0-2ca786c8e48c,business_performance_goal_management,,,Product Data Analyst,move from descriptive analysis into modelling,Python | SQL | feature engineering | predictive modelling | experiment planning,"Built behavioural features for an adoption problem, trained a regularised baseline, and evaluated whether lift was stable enough to justify a prospective test.",financial analyst,Business Performance & Goal Management,supporting,0,,,annotator_813,2026/8/22
C051,business_performance_goal_management::http://data.europa.eu/esco/occupation/d3edb8f8-3a06-47a0-8fb9-9b212c006aa2,http://data.europa.eu/esco/occupation/d3edb8f8-3a06-47a0-8fb9-9b212c006aa2,business_performance_goal_management,,,Product Data Analyst,move from descriptive analysis into modelling,Python | SQL | feature engineering | predictive modelling | experiment planning,"Built behavioural features for an adoption problem, trained a regularised baseline, and evaluated whether lift was stable enough to justify a prospective test.",data analyst,Business Performance & Goal Management,overlap,1,,moderate,annotator_813,2026/8/22
C051,business_strategy_focused_analysis::http://data.europa.eu/esco/occupation/50760da6-abc3-424c-b159-8ddf0818e016,http://data.europa.eu/esco/occupation/50760da6-abc3-424c-b159-8ddf0818e016,business_strategy_focused_analysis,,,Product Data Analyst,move from descriptive analysis into modelling,Python | SQL | feature engineering | predictive modelling | experiment planning,"Built behavioural features for an adoption problem, trained a regularised baseline, and evaluated whether lift was stable enough to justify a prospective test.",business valuer,Business Strategy & Focused Analysis,supporting,0,,,annotator_813,2026/8/22
C051,business_strategy_focused_analysis::http://data.europa.eu/esco/occupation/60082a99-d8ef-4e84-9290-78902681b6ed,http://data.europa.eu/esco/occupation/60082a99-d8ef-4e84-9290-78902681b6ed,business_strategy_focused_analysis,,,Product Data Analyst,move from descriptive analysis into modelling,Python | SQL | feature engineering | predictive modelling | experiment planning,"Built behavioural features for an adoption problem, trained a regularised baseline, and evaluated whether lift was stable enough to justify a prospective test.",business analyst,Business Strategy & Focused Analysis,core,0,,,annotator_813,2026/8/22
C051,business_strategy_focused_analysis::http://data.europa.eu/esco/occupation/66fb9704-0d56-4673-8e69-7823816b73e1,http://data.europa.eu/esco/occupation/66fb9704-0d56-4673-8e69-7823816b73e1,business_strategy_focused_analysis,,,Product Data Analyst,move from descriptive analysis into modelling,Python | SQL | feature engineering | predictive modelling | experiment planning,"Built behavioural features for an adoption problem, trained a regularised baseline, and evaluated whether lift was stable enough to justify a prospective test.",market research analyst,Business Strategy & Focused Analysis,overlap,0,,,annotator_813,2026/8/22
C051,business_strategy_focused_analysis::http://data.europa.eu/esco/occupation/6a29d804-f775-446c-bec7-35fc4e28ac97,http://data.europa.eu/esco/occupation/6a29d804-f775-446c-bec7-35fc4e28ac97,business_strategy_focused_analysis,,,Product Data Analyst,move from descriptive analysis into modelling,Python | SQL | feature engineering | predictive modelling | experiment planning,"Built behavioural features for an adoption problem, trained a regularised baseline, and evaluated whether lift was stable enough to justify a prospective test.",business consultant,Business Strategy & Focused Analysis,core,0,,,annotator_813,2026/8/22
C051,business_strategy_focused_analysis::http://data.europa.eu/esco/occupation/e16c2422-1323-4d8a-bd0f-c7584de70be1,http://data.europa.eu/esco/occupation/e16c2422-1323-4d8a-bd0f-c7584de70be1,business_strategy_focused_analysis,,,Product Data Analyst,move from descriptive analysis into modelling,Python | SQL | feature engineering | predictive modelling | experiment planning,"Built behavioural features for an adoption problem, trained a regularised baseline, and evaluated whether lift was stable enough to justify a prospective test.",pricing specialist,Business Strategy & Focused Analysis,supporting,1,predictive modelling; no pricing evidence,moderate,annotator_813,2026/8/22
C051,data_analytics::http://data.europa.eu/esco/occupation/ac8b3cd1-a127-4e6a-8208-5cfcf7111955,http://data.europa.eu/esco/occupation/ac8b3cd1-a127-4e6a-8208-5cfcf7111955,data_analytics,,,Product Data Analyst,move from descriptive analysis into modelling,Python | SQL | feature engineering | predictive modelling | experiment planning,"Built behavioural features for an adoption problem, trained a regularised baseline, and evaluated whether lift was stable enough to justify a prospective test.",statistician,Data Analytics,overlap,2,,,annotator_813,2026/8/22
C051,data_analytics::http://data.europa.eu/esco/occupation/d3edb8f8-3a06-47a0-8fb9-9b212c006aa2,http://data.europa.eu/esco/occupation/d3edb8f8-3a06-47a0-8fb9-9b212c006aa2,data_analytics,,,Product Data Analyst,move from descriptive analysis into modelling,Python | SQL | feature engineering | predictive modelling | experiment planning,"Built behavioural features for an adoption problem, trained a regularised baseline, and evaluated whether lift was stable enough to justify a prospective test.",data analyst,Data Analytics,core,2,,,annotator_813,2026/8/22
C051,data_science::http://data.europa.eu/esco/occupation/258e46f9-0075-4a2e-adae-1ff0477e0f30,http://data.europa.eu/esco/occupation/258e46f9-0075-4a2e-adae-1ff0477e0f30,data_science,,,Product Data Analyst,move from descriptive analysis into modelling,Python | SQL | feature engineering | predictive modelling | experiment planning,"Built behavioural features for an adoption problem, trained a regularised baseline, and evaluated whether lift was stable enough to justify a prospective test.",data scientist,Data Science,core,2,,strong,annotator_813,2026/8/22
C051,data_science::http://data.europa.eu/esco/occupation/35553663-deab-4d9a-bf22-15c1625d28e8,http://data.europa.eu/esco/occupation/35553663-deab-4d9a-bf22-15c1625d28e8,data_science,,,Product Data Analyst,move from descriptive analysis into modelling,Python | SQL | feature engineering | predictive modelling | experiment planning,"Built behavioural features for an adoption problem, trained a regularised baseline, and evaluated whether lift was stable enough to justify a prospective test.",artificial intelligence engineer,Data Science,supporting,2,,,annotator_813,2026/8/22
C051,data_science::http://data.europa.eu/esco/occupation/ac8b3cd1-a127-4e6a-8208-5cfcf7111955,http://data.europa.eu/esco/occupation/ac8b3cd1-a127-4e6a-8208-5cfcf7111955,data_science,,,Product Data Analyst,move from descriptive analysis into modelling,Python | SQL | feature engineering | predictive modelling | experiment planning,"Built behavioural features for an adoption problem, trained a regularised baseline, and evaluated whether lift was stable enough to justify a prospective test.",statistician,Data Science,overlap,2,,,annotator_813,2026/8/22
C051,strategic_analysis::http://data.europa.eu/esco/occupation/4f49df98-98b8-4a9e-98ad-9c5557817eba,http://data.europa.eu/esco/occupation/4f49df98-98b8-4a9e-98ad-9c5557817eba,strategic_analysis,,,Product Data Analyst,move from descriptive analysis into modelling,Python | SQL | feature engineering | predictive modelling | experiment planning,"Built behavioural features for an adoption problem, trained a regularised baseline, and evaluated whether lift was stable enough to justify a prospective test.",strategic planning manager,Strategic Analysis,supporting,0,,,annotator_813,2026/8/22
C051,strategic_analysis::http://data.europa.eu/esco/occupation/56afc09a-75a0-49c7-a5cb-256df45d8f2d,http://data.europa.eu/esco/occupation/56afc09a-75a0-49c7-a5cb-256df45d8f2d,strategic_analysis,,,Product Data Analyst,move from descriptive analysis into modelling,Python | SQL | feature engineering | predictive modelling | experiment planning,"Built behavioural features for an adoption problem, trained a regularised baseline, and evaluated whether lift was stable enough to justify a prospective test.",economic adviser,Strategic Analysis,supporting,0,,,annotator_813,2026/8/22
C051,strategic_analysis::http://data.europa.eu/esco/occupation/66fb9704-0d56-4673-8e69-7823816b73e1,http://data.europa.eu/esco/occupation/66fb9704-0d56-4673-8e69-7823816b73e1,strategic_analysis,,,Product Data Analyst,move from descriptive analysis into modelling,Python | SQL | feature engineering | predictive modelling | experiment planning,"Built behavioural features for an adoption problem, trained a regularised baseline, and evaluated whether lift was stable enough to justify a prospective test.",market research analyst,Strategic Analysis,overlap,0,,,annotator_813,2026/8/22
C051,strategic_analysis::http://data.europa.eu/esco/occupation/99492920-e5a5-4dba-9e5a-93193147198c,http://data.europa.eu/esco/occupation/99492920-e5a5-4dba-9e5a-93193147198c,strategic_analysis,,,Product Data Analyst,move from descriptive analysis into modelling,Python | SQL | feature engineering | predictive modelling | experiment planning,"Built behavioural features for an adoption problem, trained a regularised baseline, and evaluated whether lift was stable enough to justify a prospective test.",economist,Strategic Analysis,supporting,0,,,annotator_813,2026/8/22
C052,business_performance_goal_management::http://data.europa.eu/esco/occupation/4e4a291d-1d38-4c5a-812a-5827d0691b11,http://data.europa.eu/esco/occupation/4e4a291d-1d38-4c5a-812a-5827d0691b11,business_performance_goal_management,,,Quantitative Research Assistant,gain experience with applied modelling,Python | data cleaning | descriptive statistics | documentation,Cleaned research files and reproduced summary tables from an existing protocol; examples do not yet show model selection or independent experimental decisions.,budget analyst,Business Performance & Goal Management,supporting,0,,,annotator_813,2026/8/22
C052,business_performance_goal_management::http://data.europa.eu/esco/occupation/84871c2a-abd1-45eb-b03a-65e51a26fd84,http://data.europa.eu/esco/occupation/84871c2a-abd1-45eb-b03a-65e51a26fd84,business_performance_goal_management,,,Quantitative Research Assistant,gain experience with applied modelling,Python | data cleaning | descriptive statistics | documentation,Cleaned research files and reproduced summary tables from an existing protocol; examples do not yet show model selection or independent experimental decisions.,cost analyst,Business Performance & Goal Management,supporting,0,,,annotator_813,2026/8/22
C052,business_performance_goal_management::http://data.europa.eu/esco/occupation/8d586ee9-0ab1-4155-a3b0-2ca786c8e48c,http://data.europa.eu/esco/occupation/8d586ee9-0ab1-4155-a3b0-2ca786c8e48c,business_performance_goal_management,,,Quantitative Research Assistant,gain experience with applied modelling,Python | data cleaning | descriptive statistics | documentation,Cleaned research files and reproduced summary tables from an existing protocol; examples do not yet show model selection or independent experimental decisions.,financial analyst,Business Performance & Goal Management,supporting,0,,,annotator_813,2026/8/22
C052,business_performance_goal_management::http://data.europa.eu/esco/occupation/d3edb8f8-3a06-47a0-8fb9-9b212c006aa2,http://data.europa.eu/esco/occupation/d3edb8f8-3a06-47a0-8fb9-9b212c006aa2,business_performance_goal_management,,,Quantitative Research Assistant,gain experience with applied modelling,Python | data cleaning | descriptive statistics | documentation,Cleaned research files and reproduced summary tables from an existing protocol; examples do not yet show model selection or independent experimental decisions.,data analyst,Business Performance & Goal Management,overlap,0,,,annotator_813,2026/8/22
C052,business_strategy_focused_analysis::http://data.europa.eu/esco/occupation/50760da6-abc3-424c-b159-8ddf0818e016,http://data.europa.eu/esco/occupation/50760da6-abc3-424c-b159-8ddf0818e016,business_strategy_focused_analysis,,,Quantitative Research Assistant,gain experience with applied modelling,Python | data cleaning | descriptive statistics | documentation,Cleaned research files and reproduced summary tables from an existing protocol; examples do not yet show model selection or independent experimental decisions.,business valuer,Business Strategy & Focused Analysis,supporting,0,,,annotator_813,2026/8/22
C052,business_strategy_focused_analysis::http://data.europa.eu/esco/occupation/60082a99-d8ef-4e84-9290-78902681b6ed,http://data.europa.eu/esco/occupation/60082a99-d8ef-4e84-9290-78902681b6ed,business_strategy_focused_analysis,,,Quantitative Research Assistant,gain experience with applied modelling,Python | data cleaning | descriptive statistics | documentation,Cleaned research files and reproduced summary tables from an existing protocol; examples do not yet show model selection or independent experimental decisions.,business analyst,Business Strategy & Focused Analysis,core,0,,,annotator_813,2026/8/22
C052,business_strategy_focused_analysis::http://data.europa.eu/esco/occupation/66fb9704-0d56-4673-8e69-7823816b73e1,http://data.europa.eu/esco/occupation/66fb9704-0d56-4673-8e69-7823816b73e1,business_strategy_focused_analysis,,,Quantitative Research Assistant,gain experience with applied modelling,Python | data cleaning | descriptive statistics | documentation,Cleaned research files and reproduced summary tables from an existing protocol; examples do not yet show model selection or independent experimental decisions.,market research analyst,Business Strategy & Focused Analysis,overlap,0,,,annotator_813,2026/8/22
C052,business_strategy_focused_analysis::http://data.europa.eu/esco/occupation/6a29d804-f775-446c-bec7-35fc4e28ac97,http://data.europa.eu/esco/occupation/6a29d804-f775-446c-bec7-35fc4e28ac97,business_strategy_focused_analysis,,,Quantitative Research Assistant,gain experience with applied modelling,Python | data cleaning | descriptive statistics | documentation,Cleaned research files and reproduced summary tables from an existing protocol; examples do not yet show model selection or independent experimental decisions.,business consultant,Business Strategy & Focused Analysis,core,0,,,annotator_813,2026/8/22
C052,business_strategy_focused_analysis::http://data.europa.eu/esco/occupation/e16c2422-1323-4d8a-bd0f-c7584de70be1,http://data.europa.eu/esco/occupation/e16c2422-1323-4d8a-bd0f-c7584de70be1,business_strategy_focused_analysis,,,Quantitative Research Assistant,gain experience with applied modelling,Python | data cleaning | descriptive statistics | documentation,Cleaned research files and reproduced summary tables from an existing protocol; examples do not yet show model selection or independent experimental decisions.,pricing specialist,Business Strategy & Focused Analysis,supporting,0,,,annotator_813,2026/8/22
C052,data_analytics::http://data.europa.eu/esco/occupation/ac8b3cd1-a127-4e6a-8208-5cfcf7111955,http://data.europa.eu/esco/occupation/ac8b3cd1-a127-4e6a-8208-5cfcf7111955,data_analytics,,,Quantitative Research Assistant,gain experience with applied modelling,Python | data cleaning | descriptive statistics | documentation,Cleaned research files and reproduced summary tables from an existing protocol; examples do not yet show model selection or independent experimental decisions.,statistician,Data Analytics,overlap,0,,,annotator_813,2026/8/22
C052,data_analytics::http://data.europa.eu/esco/occupation/d3edb8f8-3a06-47a0-8fb9-9b212c006aa2,http://data.europa.eu/esco/occupation/d3edb8f8-3a06-47a0-8fb9-9b212c006aa2,data_analytics,,,Quantitative Research Assistant,gain experience with applied modelling,Python | data cleaning | descriptive statistics | documentation,Cleaned research files and reproduced summary tables from an existing protocol; examples do not yet show model selection or independent experimental decisions.,data analyst,Data Analytics,core,0,,,annotator_813,2026/8/22
C052,data_science::http://data.europa.eu/esco/occupation/258e46f9-0075-4a2e-adae-1ff0477e0f30,http://data.europa.eu/esco/occupation/258e46f9-0075-4a2e-adae-1ff0477e0f30,data_science,,,Quantitative Research Assistant,gain experience with applied modelling,Python | data cleaning | descriptive statistics | documentation,Cleaned research files and reproduced summary tables from an existing protocol; examples do not yet show model selection or independent experimental decisions.,data scientist,Data Science,core,1,modelling direction; limited model-selection evidence,weak,annotator_813,2026/8/22
C052,data_science::http://data.europa.eu/esco/occupation/35553663-deab-4d9a-bf22-15c1625d28e8,http://data.europa.eu/esco/occupation/35553663-deab-4d9a-bf22-15c1625d28e8,data_science,,,Quantitative Research Assistant,gain experience with applied modelling,Python | data cleaning | descriptive statistics | documentation,Cleaned research files and reproduced summary tables from an existing protocol; examples do not yet show model selection or independent experimental decisions.,artificial intelligence engineer,Data Science,supporting,0,,,annotator_813,2026/8/22
C052,data_science::http://data.europa.eu/esco/occupation/ac8b3cd1-a127-4e6a-8208-5cfcf7111955,http://data.europa.eu/esco/occupation/ac8b3cd1-a127-4e6a-8208-5cfcf7111955,data_science,,,Quantitative Research Assistant,gain experience with applied modelling,Python | data cleaning | descriptive statistics | documentation,Cleaned research files and reproduced summary tables from an existing protocol; examples do not yet show model selection or independent experimental decisions.,statistician,Data Science,overlap,1,descriptive statistics; limited applied-modelling evidence,weak,annotator_813,2026/8/22
C052,strategic_analysis::http://data.europa.eu/esco/occupation/4f49df98-98b8-4a9e-98ad-9c5557817eba,http://data.europa.eu/esco/occupation/4f49df98-98b8-4a9e-98ad-9c5557817eba,strategic_analysis,,,Quantitative Research Assistant,gain experience with applied modelling,Python | data cleaning | descriptive statistics | documentation,Cleaned research files and reproduced summary tables from an existing protocol; examples do not yet show model selection or independent experimental decisions.,strategic planning manager,Strategic Analysis,supporting,0,,,annotator_813,2026/8/22
C052,strategic_analysis::http://data.europa.eu/esco/occupation/56afc09a-75a0-49c7-a5cb-256df45d8f2d,http://data.europa.eu/esco/occupation/56afc09a-75a0-49c7-a5cb-256df45d8f2d,strategic_analysis,,,Quantitative Research Assistant,gain experience with applied modelling,Python | data cleaning | descriptive statistics | documentation,Cleaned research files and reproduced summary tables from an existing protocol; examples do not yet show model selection or independent experimental decisions.,economic adviser,Strategic Analysis,supporting,0,,,annotator_813,2026/8/22
C052,strategic_analysis::http://data.europa.eu/esco/occupation/66fb9704-0d56-4673-8e69-7823816b73e1,http://data.europa.eu/esco/occupation/66fb9704-0d56-4673-8e69-7823816b73e1,strategic_analysis,,,Quantitative Research Assistant,gain experience with applied modelling,Python | data cleaning | descriptive statistics | documentation,Cleaned research files and reproduced summary tables from an existing protocol; examples do not yet show model selection or independent experimental decisions.,market research analyst,Strategic Analysis,overlap,0,,,annotator_813,2026/8/22
C052,strategic_analysis::http://data.europa.eu/esco/occupation/99492920-e5a5-4dba-9e5a-93193147198c,http://data.europa.eu/esco/occupation/99492920-e5a5-4dba-9e5a-93193147198c,strategic_analysis,,,Quantitative Research Assistant,gain experience with applied modelling,Python | data cleaning | descriptive statistics | documentation,Cleaned research files and reproduced summary tables from an existing protocol; examples do not yet show model selection or independent experimental decisions.,economist,Strategic Analysis,supporting,0,,,annotator_813,2026/8/22
C054,business_performance_goal_management::http://data.europa.eu/esco/occupation/4e4a291d-1d38-4c5a-812a-5827d0691b11,http://data.europa.eu/esco/occupation/4e4a291d-1d38-4c5a-812a-5827d0691b11,business_performance_goal_management,,,Risk Modelling Analyst,apply statistical models to operational choices | make model evidence accessible,machine learning | model monitoring | Python | interpretability | data visualisation,"Compared gradient boosting with an interpretable scorecard, monitored drift, and created diagnostic views so policy owners could understand trade-offs.",budget analyst,Business Performance & Goal Management,supporting,1,model-based analysis; no budgeting evidence,moderate,annotator_813,2026/8/22
C054,business_performance_goal_management::http://data.europa.eu/esco/occupation/84871c2a-abd1-45eb-b03a-65e51a26fd84,http://data.europa.eu/esco/occupation/84871c2a-abd1-45eb-b03a-65e51a26fd84,business_performance_goal_management,,,Risk Modelling Analyst,apply statistical models to operational choices | make model evidence accessible,machine learning | model monitoring | Python | interpretability | data visualisation,"Compared gradient boosting with an interpretable scorecard, monitored drift, and created diagnostic views so policy owners could understand trade-offs.",cost analyst,Business Performance & Goal Management,supporting,1,model-based analysis; no cost-analysis evidence,moderate,annotator_813,2026/8/22
C054,business_performance_goal_management::http://data.europa.eu/esco/occupation/8d586ee9-0ab1-4155-a3b0-2ca786c8e48c,http://data.europa.eu/esco/occupation/8d586ee9-0ab1-4155-a3b0-2ca786c8e48c,business_performance_goal_management,,,Risk Modelling Analyst,apply statistical models to operational choices | make model evidence accessible,machine learning | model monitoring | Python | interpretability | data visualisation,"Compared gradient boosting with an interpretable scorecard, monitored drift, and created diagnostic views so policy owners could understand trade-offs.",financial analyst,Business Performance & Goal Management,supporting,0,,moderate,annotator_813,2026/8/22
C054,business_performance_goal_management::http://data.europa.eu/esco/occupation/d3edb8f8-3a06-47a0-8fb9-9b212c006aa2,http://data.europa.eu/esco/occupation/d3edb8f8-3a06-47a0-8fb9-9b212c006aa2,business_performance_goal_management,,,Risk Modelling Analyst,apply statistical models to operational choices | make model evidence accessible,machine learning | model monitoring | Python | interpretability | data visualisation,"Compared gradient boosting with an interpretable scorecard, monitored drift, and created diagnostic views so policy owners could understand trade-offs.",data analyst,Business Performance & Goal Management,overlap,1,diagnostic modelling; no recurring performance-management loop,moderate,annotator_813,2026/8/22
C054,business_strategy_focused_analysis::http://data.europa.eu/esco/occupation/50760da6-abc3-424c-b159-8ddf0818e016,http://data.europa.eu/esco/occupation/50760da6-abc3-424c-b159-8ddf0818e016,business_strategy_focused_analysis,,,Risk Modelling Analyst,apply statistical models to operational choices | make model evidence accessible,machine learning | model monitoring | Python | interpretability | data visualisation,"Compared gradient boosting with an interpretable scorecard, monitored drift, and created diagnostic views so policy owners could understand trade-offs.",business valuer,Business Strategy & Focused Analysis,supporting,0,,,annotator_813,2026/8/22
C054,business_strategy_focused_analysis::http://data.europa.eu/esco/occupation/60082a99-d8ef-4e84-9290-78902681b6ed,http://data.europa.eu/esco/occupation/60082a99-d8ef-4e84-9290-78902681b6ed,business_strategy_focused_analysis,,,Risk Modelling Analyst,apply statistical models to operational choices | make model evidence accessible,machine learning | model monitoring | Python | interpretability | data visualisation,"Compared gradient boosting with an interpretable scorecard, monitored drift, and created diagnostic views so policy owners could understand trade-offs.",business analyst,Business Strategy & Focused Analysis,core,0,,,annotator_813,2026/8/22
C054,business_strategy_focused_analysis::http://data.europa.eu/esco/occupation/66fb9704-0d56-4673-8e69-7823816b73e1,http://data.europa.eu/esco/occupation/66fb9704-0d56-4673-8e69-7823816b73e1,business_strategy_focused_analysis,,,Risk Modelling Analyst,apply statistical models to operational choices | make model evidence accessible,machine learning | model monitoring | Python | interpretability | data visualisation,"Compared gradient boosting with an interpretable scorecard, monitored drift, and created diagnostic views so policy owners could understand trade-offs.",market research analyst,Business Strategy & Focused Analysis,overlap,0,,,annotator_813,2026/8/22
C054,business_strategy_focused_analysis::http://data.europa.eu/esco/occupation/6a29d804-f775-446c-bec7-35fc4e28ac97,http://data.europa.eu/esco/occupation/6a29d804-f775-446c-bec7-35fc4e28ac97,business_strategy_focused_analysis,,,Risk Modelling Analyst,apply statistical models to operational choices | make model evidence accessible,machine learning | model monitoring | Python | interpretability | data visualisation,"Compared gradient boosting with an interpretable scorecard, monitored drift, and created diagnostic views so policy owners could understand trade-offs.",business consultant,Business Strategy & Focused Analysis,core,0,,,annotator_813,2026/8/22
C054,business_strategy_focused_analysis::http://data.europa.eu/esco/occupation/e16c2422-1323-4d8a-bd0f-c7584de70be1,http://data.europa.eu/esco/occupation/e16c2422-1323-4d8a-bd0f-c7584de70be1,business_strategy_focused_analysis,,,Risk Modelling Analyst,apply statistical models to operational choices | make model evidence accessible,machine learning | model monitoring | Python | interpretability | data visualisation,"Compared gradient boosting with an interpretable scorecard, monitored drift, and created diagnostic views so policy owners could understand trade-offs.",pricing specialist,Business Strategy & Focused Analysis,supporting,1,model-based analysis; no pricing evidence,moderate,annotator_813,2026/8/22
C054,data_analytics::http://data.europa.eu/esco/occupation/ac8b3cd1-a127-4e6a-8208-5cfcf7111955,http://data.europa.eu/esco/occupation/ac8b3cd1-a127-4e6a-8208-5cfcf7111955,data_analytics,,,Risk Modelling Analyst,apply statistical models to operational choices | make model evidence accessible,machine learning | model monitoring | Python | interpretability | data visualisation,"Compared gradient boosting with an interpretable scorecard, monitored drift, and created diagnostic views so policy owners could understand trade-offs.",statistician,Data Analytics,overlap,2,,,annotator_813,2026/8/22
C054,data_analytics::http://data.europa.eu/esco/occupation/d3edb8f8-3a06-47a0-8fb9-9b212c006aa2,http://data.europa.eu/esco/occupation/d3edb8f8-3a06-47a0-8fb9-9b212c006aa2,data_analytics,,,Risk Modelling Analyst,apply statistical models to operational choices | make model evidence accessible,machine learning | model monitoring | Python | interpretability | data visualisation,"Compared gradient boosting with an interpretable scorecard, monitored drift, and created diagnostic views so policy owners could understand trade-offs.",data analyst,Data Analytics,core,1,diagnostic visualisation; modelling remains the primary focus,strong,annotator_813,2026/8/22
C054,data_science::http://data.europa.eu/esco/occupation/258e46f9-0075-4a2e-adae-1ff0477e0f30,http://data.europa.eu/esco/occupation/258e46f9-0075-4a2e-adae-1ff0477e0f30,data_science,,,Risk Modelling Analyst,apply statistical models to operational choices | make model evidence accessible,machine learning | model monitoring | Python | interpretability | data visualisation,"Compared gradient boosting with an interpretable scorecard, monitored drift, and created diagnostic views so policy owners could understand trade-offs.",data scientist,Data Science,core,2,,,annotator_813,2026/8/22
C054,data_science::http://data.europa.eu/esco/occupation/35553663-deab-4d9a-bf22-15c1625d28e8,http://data.europa.eu/esco/occupation/35553663-deab-4d9a-bf22-15c1625d28e8,data_science,,,Risk Modelling Analyst,apply statistical models to operational choices | make model evidence accessible,machine learning | model monitoring | Python | interpretability | data visualisation,"Compared gradient boosting with an interpretable scorecard, monitored drift, and created diagnostic views so policy owners could understand trade-offs.",artificial intelligence engineer,Data Science,supporting,1,model development and monitoring; no AI-system engineering evidence,moderate,annotator_813,2026/8/22
C054,data_science::http://data.europa.eu/esco/occupation/ac8b3cd1-a127-4e6a-8208-5cfcf7111955,http://data.europa.eu/esco/occupation/ac8b3cd1-a127-4e6a-8208-5cfcf7111955,data_science,,,Risk Modelling Analyst,apply statistical models to operational choices | make model evidence accessible,machine learning | model monitoring | Python | interpretability | data visualisation,"Compared gradient boosting with an interpretable scorecard, monitored drift, and created diagnostic views so policy owners could understand trade-offs.",statistician,Data Science,overlap,2,,,annotator_813,2026/8/22
C054,strategic_analysis::http://data.europa.eu/esco/occupation/4f49df98-98b8-4a9e-98ad-9c5557817eba,http://data.europa.eu/esco/occupation/4f49df98-98b8-4a9e-98ad-9c5557817eba,strategic_analysis,,,Risk Modelling Analyst,apply statistical models to operational choices | make model evidence accessible,machine learning | model monitoring | Python | interpretability | data visualisation,"Compared gradient boosting with an interpretable scorecard, monitored drift, and created diagnostic views so policy owners could understand trade-offs.",strategic planning manager,Strategic Analysis,supporting,0,,,annotator_813,2026/8/22
C054,strategic_analysis::http://data.europa.eu/esco/occupation/56afc09a-75a0-49c7-a5cb-256df45d8f2d,http://data.europa.eu/esco/occupation/56afc09a-75a0-49c7-a5cb-256df45d8f2d,strategic_analysis,,,Risk Modelling Analyst,apply statistical models to operational choices | make model evidence accessible,machine learning | model monitoring | Python | interpretability | data visualisation,"Compared gradient boosting with an interpretable scorecard, monitored drift, and created diagnostic views so policy owners could understand trade-offs.",economic adviser,Strategic Analysis,supporting,0,,,annotator_813,2026/8/22
C054,strategic_analysis::http://data.europa.eu/esco/occupation/66fb9704-0d56-4673-8e69-7823816b73e1,http://data.europa.eu/esco/occupation/66fb9704-0d56-4673-8e69-7823816b73e1,strategic_analysis,,,Risk Modelling Analyst,apply statistical models to operational choices | make model evidence accessible,machine learning | model monitoring | Python | interpretability | data visualisation,"Compared gradient boosting with an interpretable scorecard, monitored drift, and created diagnostic views so policy owners could understand trade-offs.",market research analyst,Strategic Analysis,overlap,0,,,annotator_813,2026/8/22
C054,strategic_analysis::http://data.europa.eu/esco/occupation/99492920-e5a5-4dba-9e5a-93193147198c,http://data.europa.eu/esco/occupation/99492920-e5a5-4dba-9e5a-93193147198c,strategic_analysis,,,Risk Modelling Analyst,apply statistical models to operational choices | make model evidence accessible,machine learning | model monitoring | Python | interpretability | data visualisation,"Compared gradient boosting with an interpretable scorecard, monitored drift, and created diagnostic views so policy owners could understand trade-offs.",economist,Strategic Analysis,supporting,0,,,annotator_813,2026/8/22
C056,business_performance_goal_management::http://data.europa.eu/esco/occupation/4e4a291d-1d38-4c5a-812a-5827d0691b11,http://data.europa.eu/esco/occupation/4e4a291d-1d38-4c5a-812a-5827d0691b11,business_performance_goal_management,,,Model Operations Specialist,participate in analytical modelling projects,monitoring | issue management | SQL | documentation,"Tracked production alerts and coordinated retraining tickets using documented thresholds; little evidence is available on feature choices, inference or evaluation design.",budget analyst,Business Performance & Goal Management,supporting,1,monitoring experience; no budgeting evidence,weak,annotator_813,2026/8/22
C056,business_performance_goal_management::http://data.europa.eu/esco/occupation/84871c2a-abd1-45eb-b03a-65e51a26fd84,http://data.europa.eu/esco/occupation/84871c2a-abd1-45eb-b03a-65e51a26fd84,business_performance_goal_management,,,Model Operations Specialist,participate in analytical modelling projects,monitoring | issue management | SQL | documentation,"Tracked production alerts and coordinated retraining tickets using documented thresholds; little evidence is available on feature choices, inference or evaluation design.",cost analyst,Business Performance & Goal Management,supporting,1,monitoring experience; no cost-analysis evidence,weak,annotator_813,2026/8/22
C056,business_performance_goal_management::http://data.europa.eu/esco/occupation/8d586ee9-0ab1-4155-a3b0-2ca786c8e48c,http://data.europa.eu/esco/occupation/8d586ee9-0ab1-4155-a3b0-2ca786c8e48c,business_performance_goal_management,,,Model Operations Specialist,participate in analytical modelling projects,monitoring | issue management | SQL | documentation,"Tracked production alerts and coordinated retraining tickets using documented thresholds; little evidence is available on feature choices, inference or evaluation design.",financial analyst,Business Performance & Goal Management,supporting,0,,,annotator_813,2026/8/22
C056,business_performance_goal_management::http://data.europa.eu/esco/occupation/d3edb8f8-3a06-47a0-8fb9-9b212c006aa2,http://data.europa.eu/esco/occupation/d3edb8f8-3a06-47a0-8fb9-9b212c006aa2,business_performance_goal_management,,,Model Operations Specialist,participate in analytical modelling projects,monitoring | issue management | SQL | documentation,"Tracked production alerts and coordinated retraining tickets using documented thresholds; little evidence is available on feature choices, inference or evaluation design.",data analyst,Business Performance & Goal Management,overlap,1,SQL and monitoring experience; no business-performance diagnosis,weak,annotator_813,2026/8/22
C056,business_strategy_focused_analysis::http://data.europa.eu/esco/occupation/50760da6-abc3-424c-b159-8ddf0818e016,http://data.europa.eu/esco/occupation/50760da6-abc3-424c-b159-8ddf0818e016,business_strategy_focused_analysis,,,Model Operations Specialist,participate in analytical modelling projects,monitoring | issue management | SQL | documentation,"Tracked production alerts and coordinated retraining tickets using documented thresholds; little evidence is available on feature choices, inference or evaluation design.",business valuer,Business Strategy & Focused Analysis,supporting,0,,,annotator_813,2026/8/22
C056,business_strategy_focused_analysis::http://data.europa.eu/esco/occupation/60082a99-d8ef-4e84-9290-78902681b6ed,http://data.europa.eu/esco/occupation/60082a99-d8ef-4e84-9290-78902681b6ed,business_strategy_focused_analysis,,,Model Operations Specialist,participate in analytical modelling projects,monitoring | issue management | SQL | documentation,"Tracked production alerts and coordinated retraining tickets using documented thresholds; little evidence is available on feature choices, inference or evaluation design.",business analyst,Business Strategy & Focused Analysis,core,0,,,annotator_813,2026/8/22
C056,business_strategy_focused_analysis::http://data.europa.eu/esco/occupation/66fb9704-0d56-4673-8e69-7823816b73e1,http://data.europa.eu/esco/occupation/66fb9704-0d56-4673-8e69-7823816b73e1,business_strategy_focused_analysis,,,Model Operations Specialist,participate in analytical modelling projects,monitoring | issue management | SQL | documentation,"Tracked production alerts and coordinated retraining tickets using documented thresholds; little evidence is available on feature choices, inference or evaluation design.",market research analyst,Business Strategy & Focused Analysis,overlap,0,,,annotator_813,2026/8/22
C056,business_strategy_focused_analysis::http://data.europa.eu/esco/occupation/6a29d804-f775-446c-bec7-35fc4e28ac97,http://data.europa.eu/esco/occupation/6a29d804-f775-446c-bec7-35fc4e28ac97,business_strategy_focused_analysis,,,Model Operations Specialist,participate in analytical modelling projects,monitoring | issue management | SQL | documentation,"Tracked production alerts and coordinated retraining tickets using documented thresholds; little evidence is available on feature choices, inference or evaluation design.",business consultant,Business Strategy & Focused Analysis,core,0,,,annotator_813,2026/8/22
C056,business_strategy_focused_analysis::http://data.europa.eu/esco/occupation/e16c2422-1323-4d8a-bd0f-c7584de70be1,http://data.europa.eu/esco/occupation/e16c2422-1323-4d8a-bd0f-c7584de70be1,business_strategy_focused_analysis,,,Model Operations Specialist,participate in analytical modelling projects,monitoring | issue management | SQL | documentation,"Tracked production alerts and coordinated retraining tickets using documented thresholds; little evidence is available on feature choices, inference or evaluation design.",pricing specialist,Business Strategy & Focused Analysis,supporting,1,analytical operations experience; no pricing evidence,weak,annotator_813,2026/8/22
C056,data_analytics::http://data.europa.eu/esco/occupation/ac8b3cd1-a127-4e6a-8208-5cfcf7111955,http://data.europa.eu/esco/occupation/ac8b3cd1-a127-4e6a-8208-5cfcf7111955,data_analytics,,,Model Operations Specialist,participate in analytical modelling projects,monitoring | issue management | SQL | documentation,"Tracked production alerts and coordinated retraining tickets using documented thresholds; little evidence is available on feature choices, inference or evaluation design.",statistician,Data Analytics,overlap,0,,,annotator_813,2026/8/22
C056,data_analytics::http://data.europa.eu/esco/occupation/d3edb8f8-3a06-47a0-8fb9-9b212c006aa2,http://data.europa.eu/esco/occupation/d3edb8f8-3a06-47a0-8fb9-9b212c006aa2,data_analytics,,,Model Operations Specialist,participate in analytical modelling projects,monitoring | issue management | SQL | documentation,"Tracked production alerts and coordinated retraining tickets using documented thresholds; little evidence is available on feature choices, inference or evaluation design.",data analyst,Data Analytics,core,1,basic SQL and monitoring; limited business-side analysis,weak,annotator_813,2026/8/22
C056,data_science::http://data.europa.eu/esco/occupation/258e46f9-0075-4a2e-adae-1ff0477e0f30,http://data.europa.eu/esco/occupation/258e46f9-0075-4a2e-adae-1ff0477e0f30,data_science,,,Model Operations Specialist,participate in analytical modelling projects,monitoring | issue management | SQL | documentation,"Tracked production alerts and coordinated retraining tickets using documented thresholds; little evidence is available on feature choices, inference or evaluation design.",data scientist,Data Science,core,1,modelling direction; limited model-development evidence,weak,annotator_813,2026/8/22
C056,data_science::http://data.europa.eu/esco/occupation/35553663-deab-4d9a-bf22-15c1625d28e8,http://data.europa.eu/esco/occupation/35553663-deab-4d9a-bf22-15c1625d28e8,data_science,,,Model Operations Specialist,participate in analytical modelling projects,monitoring | issue management | SQL | documentation,"Tracked production alerts and coordinated retraining tickets using documented thresholds; little evidence is available on feature choices, inference or evaluation design.",artificial intelligence engineer,Data Science,supporting,0,,,annotator_813,2026/8/22
C056,data_science::http://data.europa.eu/esco/occupation/ac8b3cd1-a127-4e6a-8208-5cfcf7111955,http://data.europa.eu/esco/occupation/ac8b3cd1-a127-4e6a-8208-5cfcf7111955,data_science,,,Model Operations Specialist,participate in analytical modelling projects,monitoring | issue management | SQL | documentation,"Tracked production alerts and coordinated retraining tickets using documented thresholds; little evidence is available on feature choices, inference or evaluation design.",statistician,Data Science,overlap,0,,,annotator_813,2026/8/22
C056,strategic_analysis::http://data.europa.eu/esco/occupation/4f49df98-98b8-4a9e-98ad-9c5557817eba,http://data.europa.eu/esco/occupation/4f49df98-98b8-4a9e-98ad-9c5557817eba,strategic_analysis,,,Model Operations Specialist,participate in analytical modelling projects,monitoring | issue management | SQL | documentation,"Tracked production alerts and coordinated retraining tickets using documented thresholds; little evidence is available on feature choices, inference or evaluation design.",strategic planning manager,Strategic Analysis,supporting,0,,,annotator_813,2026/8/22
C056,strategic_analysis::http://data.europa.eu/esco/occupation/56afc09a-75a0-49c7-a5cb-256df45d8f2d,http://data.europa.eu/esco/occupation/56afc09a-75a0-49c7-a5cb-256df45d8f2d,strategic_analysis,,,Model Operations Specialist,participate in analytical modelling projects,monitoring | issue management | SQL | documentation,"Tracked production alerts and coordinated retraining tickets using documented thresholds; little evidence is available on feature choices, inference or evaluation design.",economic adviser,Strategic Analysis,supporting,0,,,annotator_813,2026/8/22
C056,strategic_analysis::http://data.europa.eu/esco/occupation/66fb9704-0d56-4673-8e69-7823816b73e1,http://data.europa.eu/esco/occupation/66fb9704-0d56-4673-8e69-7823816b73e1,strategic_analysis,,,Model Operations Specialist,participate in analytical modelling projects,monitoring | issue management | SQL | documentation,"Tracked production alerts and coordinated retraining tickets using documented thresholds; little evidence is available on feature choices, inference or evaluation design.",market research analyst,Strategic Analysis,overlap,0,,,annotator_813,2026/8/22
C056,strategic_analysis::http://data.europa.eu/esco/occupation/99492920-e5a5-4dba-9e5a-93193147198c,http://data.europa.eu/esco/occupation/99492920-e5a5-4dba-9e5a-93193147198c,strategic_analysis,,,Model Operations Specialist,participate in analytical modelling projects,monitoring | issue management | SQL | documentation,"Tracked production alerts and coordinated retraining tickets using documented thresholds; little evidence is available on feature choices, inference or evaluation design.",economist,Strategic Analysis,supporting,0,,,annotator_813,2026/8/22
C059,business_performance_goal_management::http://data.europa.eu/esco/occupation/4e4a291d-1d38-4c5a-812a-5827d0691b11,http://data.europa.eu/esco/occupation/4e4a291d-1d38-4c5a-812a-5827d0691b11,business_performance_goal_management,,,Machine Learning Analyst,balance production measurement with predictive decision tools,feature engineering | model evaluation | metric design | dashboarding | decision thresholds,"Built monitoring views and reconciled outcome definitions before comparing two classification baselines for an operations queue. Most recurring work concerns measurement quality, while the project work extends into model and threshold choices.",budget analyst,Business Performance & Goal Management,supporting,0,,,annotator_813,2026/8/22
C059,business_performance_goal_management::http://data.europa.eu/esco/occupation/84871c2a-abd1-45eb-b03a-65e51a26fd84,http://data.europa.eu/esco/occupation/84871c2a-abd1-45eb-b03a-65e51a26fd84,business_performance_goal_management,,,Machine Learning Analyst,balance production measurement with predictive decision tools,feature engineering | model evaluation | metric design | dashboarding | decision thresholds,"Built monitoring views and reconciled outcome definitions before comparing two classification baselines for an operations queue. Most recurring work concerns measurement quality, while the project work extends into model and threshold choices.",cost analyst,Business Performance & Goal Management,supporting,0,,,annotator_813,2026/8/22
C059,business_performance_goal_management::http://data.europa.eu/esco/occupation/8d586ee9-0ab1-4155-a3b0-2ca786c8e48c,http://data.europa.eu/esco/occupation/8d586ee9-0ab1-4155-a3b0-2ca786c8e48c,business_performance_goal_management,,,Machine Learning Analyst,balance production measurement with predictive decision tools,feature engineering | model evaluation | metric design | dashboarding | decision thresholds,"Built monitoring views and reconciled outcome definitions before comparing two classification baselines for an operations queue. Most recurring work concerns measurement quality, while the project work extends into model and threshold choices.",financial analyst,Business Performance & Goal Management,supporting,0,,,annotator_813,2026/8/22
C059,business_performance_goal_management::http://data.europa.eu/esco/occupation/d3edb8f8-3a06-47a0-8fb9-9b212c006aa2,http://data.europa.eu/esco/occupation/d3edb8f8-3a06-47a0-8fb9-9b212c006aa2,business_performance_goal_management,,,Machine Learning Analyst,balance production measurement with predictive decision tools,feature engineering | model evaluation | metric design | dashboarding | decision thresholds,"Built monitoring views and reconciled outcome definitions before comparing two classification baselines for an operations queue. Most recurring work concerns measurement quality, while the project work extends into model and threshold choices.",data analyst,Business Performance & Goal Management,overlap,1,,moderate,annotator_813,2026/8/22
C059,business_strategy_focused_analysis::http://data.europa.eu/esco/occupation/50760da6-abc3-424c-b159-8ddf0818e016,http://data.europa.eu/esco/occupation/50760da6-abc3-424c-b159-8ddf0818e016,business_strategy_focused_analysis,,,Machine Learning Analyst,balance production measurement with predictive decision tools,feature engineering | model evaluation | metric design | dashboarding | decision thresholds,"Built monitoring views and reconciled outcome definitions before comparing two classification baselines for an operations queue. Most recurring work concerns measurement quality, while the project work extends into model and threshold choices.",business valuer,Business Strategy & Focused Analysis,supporting,0,,,annotator_813,2026/8/22
C059,business_strategy_focused_analysis::http://data.europa.eu/esco/occupation/60082a99-d8ef-4e84-9290-78902681b6ed,http://data.europa.eu/esco/occupation/60082a99-d8ef-4e84-9290-78902681b6ed,business_strategy_focused_analysis,,,Machine Learning Analyst,balance production measurement with predictive decision tools,feature engineering | model evaluation | metric design | dashboarding | decision thresholds,"Built monitoring views and reconciled outcome definitions before comparing two classification baselines for an operations queue. Most recurring work concerns measurement quality, while the project work extends into model and threshold choices.",business analyst,Business Strategy & Focused Analysis,core,0,,,annotator_813,2026/8/22
C059,business_strategy_focused_analysis::http://data.europa.eu/esco/occupation/66fb9704-0d56-4673-8e69-7823816b73e1,http://data.europa.eu/esco/occupation/66fb9704-0d56-4673-8e69-7823816b73e1,business_strategy_focused_analysis,,,Machine Learning Analyst,balance production measurement with predictive decision tools,feature engineering | model evaluation | metric design | dashboarding | decision thresholds,"Built monitoring views and reconciled outcome definitions before comparing two classification baselines for an operations queue. Most recurring work concerns measurement quality, while the project work extends into model and threshold choices.",market research analyst,Business Strategy & Focused Analysis,overlap,0,,,annotator_813,2026/8/22
C059,business_strategy_focused_analysis::http://data.europa.eu/esco/occupation/6a29d804-f775-446c-bec7-35fc4e28ac97,http://data.europa.eu/esco/occupation/6a29d804-f775-446c-bec7-35fc4e28ac97,business_strategy_focused_analysis,,,Machine Learning Analyst,balance production measurement with predictive decision tools,feature engineering | model evaluation | metric design | dashboarding | decision thresholds,"Built monitoring views and reconciled outcome definitions before comparing two classification baselines for an operations queue. Most recurring work concerns measurement quality, while the project work extends into model and threshold choices.",business consultant,Business Strategy & Focused Analysis,core,0,,,annotator_813,2026/8/22
C059,business_strategy_focused_analysis::http://data.europa.eu/esco/occupation/e16c2422-1323-4d8a-bd0f-c7584de70be1,http://data.europa.eu/esco/occupation/e16c2422-1323-4d8a-bd0f-c7584de70be1,business_strategy_focused_analysis,,,Machine Learning Analyst,balance production measurement with predictive decision tools,feature engineering | model evaluation | metric design | dashboarding | decision thresholds,"Built monitoring views and reconciled outcome definitions before comparing two classification baselines for an operations queue. Most recurring work concerns measurement quality, while the project work extends into model and threshold choices.",pricing specialist,Business Strategy & Focused Analysis,supporting,0,,,annotator_813,2026/8/22
C059,data_analytics::http://data.europa.eu/esco/occupation/ac8b3cd1-a127-4e6a-8208-5cfcf7111955,http://data.europa.eu/esco/occupation/ac8b3cd1-a127-4e6a-8208-5cfcf7111955,data_analytics,,,Machine Learning Analyst,balance production measurement with predictive decision tools,feature engineering | model evaluation | metric design | dashboarding | decision thresholds,"Built monitoring views and reconciled outcome definitions before comparing two classification baselines for an operations queue. Most recurring work concerns measurement quality, while the project work extends into model and threshold choices.",statistician,Data Analytics,overlap,1,dashboarding and metric design; limited statistical-analysis evidence,strong,annotator_813,2026/8/22
C059,data_analytics::http://data.europa.eu/esco/occupation/d3edb8f8-3a06-47a0-8fb9-9b212c006aa2,http://data.europa.eu/esco/occupation/d3edb8f8-3a06-47a0-8fb9-9b212c006aa2,data_analytics,,,Machine Learning Analyst,balance production measurement with predictive decision tools,feature engineering | model evaluation | metric design | dashboarding | decision thresholds,"Built monitoring views and reconciled outcome definitions before comparing two classification baselines for an operations queue. Most recurring work concerns measurement quality, while the project work extends into model and threshold choices.",data analyst,Data Analytics,core,1,dashboarding and metric design; modelling-oriented direction,strong,annotator_813,2026/8/22
C059,data_science::http://data.europa.eu/esco/occupation/258e46f9-0075-4a2e-adae-1ff0477e0f30,http://data.europa.eu/esco/occupation/258e46f9-0075-4a2e-adae-1ff0477e0f30,data_science,,,Machine Learning Analyst,balance production measurement with predictive decision tools,feature engineering | model evaluation | metric design | dashboarding | decision thresholds,"Built monitoring views and reconciled outcome definitions before comparing two classification baselines for an operations queue. Most recurring work concerns measurement quality, while the project work extends into model and threshold choices.",data scientist,Data Science,core,2,,,annotator_813,2026/8/22
C059,data_science::http://data.europa.eu/esco/occupation/35553663-deab-4d9a-bf22-15c1625d28e8,http://data.europa.eu/esco/occupation/35553663-deab-4d9a-bf22-15c1625d28e8,data_science,,,Machine Learning Analyst,balance production measurement with predictive decision tools,feature engineering | model evaluation | metric design | dashboarding | decision thresholds,"Built monitoring views and reconciled outcome definitions before comparing two classification baselines for an operations queue. Most recurring work concerns measurement quality, while the project work extends into model and threshold choices.",artificial intelligence engineer,Data Science,supporting,1,model-evaluation experience; limited AI-system engineering evidence,weak,annotator_813,2026/8/22
C059,data_science::http://data.europa.eu/esco/occupation/ac8b3cd1-a127-4e6a-8208-5cfcf7111955,http://data.europa.eu/esco/occupation/ac8b3cd1-a127-4e6a-8208-5cfcf7111955,data_science,,,Machine Learning Analyst,balance production measurement with predictive decision tools,feature engineering | model evaluation | metric design | dashboarding | decision thresholds,"Built monitoring views and reconciled outcome definitions before comparing two classification baselines for an operations queue. Most recurring work concerns measurement quality, while the project work extends into model and threshold choices.",statistician,Data Science,overlap,0,,,annotator_813,2026/8/22
C059,strategic_analysis::http://data.europa.eu/esco/occupation/4f49df98-98b8-4a9e-98ad-9c5557817eba,http://data.europa.eu/esco/occupation/4f49df98-98b8-4a9e-98ad-9c5557817eba,strategic_analysis,,,Machine Learning Analyst,balance production measurement with predictive decision tools,feature engineering | model evaluation | metric design | dashboarding | decision thresholds,"Built monitoring views and reconciled outcome definitions before comparing two classification baselines for an operations queue. Most recurring work concerns measurement quality, while the project work extends into model and threshold choices.",strategic planning manager,Strategic Analysis,supporting,0,,,annotator_813,2026/8/22
C059,strategic_analysis::http://data.europa.eu/esco/occupation/56afc09a-75a0-49c7-a5cb-256df45d8f2d,http://data.europa.eu/esco/occupation/56afc09a-75a0-49c7-a5cb-256df45d8f2d,strategic_analysis,,,Machine Learning Analyst,balance production measurement with predictive decision tools,feature engineering | model evaluation | metric design | dashboarding | decision thresholds,"Built monitoring views and reconciled outcome definitions before comparing two classification baselines for an operations queue. Most recurring work concerns measurement quality, while the project work extends into model and threshold choices.",economic adviser,Strategic Analysis,supporting,0,,,annotator_813,2026/8/22
C059,strategic_analysis::http://data.europa.eu/esco/occupation/66fb9704-0d56-4673-8e69-7823816b73e1,http://data.europa.eu/esco/occupation/66fb9704-0d56-4673-8e69-7823816b73e1,strategic_analysis,,,Machine Learning Analyst,balance production measurement with predictive decision tools,feature engineering | model evaluation | metric design | dashboarding | decision thresholds,"Built monitoring views and reconciled outcome definitions before comparing two classification baselines for an operations queue. Most recurring work concerns measurement quality, while the project work extends into model and threshold choices.",market research analyst,Strategic Analysis,overlap,0,,,annotator_813,2026/8/22
C059,strategic_analysis::http://data.europa.eu/esco/occupation/99492920-e5a5-4dba-9e5a-93193147198c,http://data.europa.eu/esco/occupation/99492920-e5a5-4dba-9e5a-93193147198c,strategic_analysis,,,Machine Learning Analyst,balance production measurement with predictive decision tools,feature engineering | model evaluation | metric design | dashboarding | decision thresholds,"Built monitoring views and reconciled outcome definitions before comparing two classification baselines for an operations queue. Most recurring work concerns measurement quality, while the project work extends into model and threshold choices.",economist,Strategic Analysis,supporting,0,,,annotator_813,2026/8/22
